{
    "version": "0.4",
    "title": "Contact Us",
    "type": "section",
    "metadata": {
        "template_type": "section-contact",
        "include_in_zip": "1",
        "elementor_pro_required": null,
        "wp_page_template": "elementor_header_footer"
    },
    "content": [
        {
            "id": "f018f6d",
            "settings": {
                "gap": "wide",
                "background_background": "classic",
                "padding": {
                    "unit": "px",
                    "top": "80",
                    "right": "0",
                    "bottom": "41",
                    "left": "0",
                    "isLinked": ""
                },
                "__globals__": {
                    "background_color": "globals\/colors?id=cd6dc3a"
                }
            },
            "elements": [
                {
                    "id": "21481ed0",
                    "settings": {
                        "_column_size": "100"
                    },
                    "elements": [
                        {
                            "id": "178d3075",
                            "settings": {
                                "title": "Get in touch",
                                "header_size": "h5",
                                "title_color": "#88553A",
                                "__globals__": {
                                    "title_color": "globals\/colors?id=307cef1",
                                    "typography_typography": "globals\/typography?id=0738e5a"
                                },
                                "_z_index": "2",
                                "align": "center"
                            },
                            "elements": [],
                            "isInner": false,
                            "widgetType": "heading",
                            "elType": "widget"
                        },
                        {
                            "id": "50dbce49",
                            "settings": {
                                "title": "Contact us",
                                "align": "center",
                                "_margin": {
                                    "unit": "px",
                                    "top": "-5",
                                    "right": "0",
                                    "bottom": "0",
                                    "left": "0",
                                    "isLinked": ""
                                },
                                "_z_index": "5",
                                "__globals__": {
                                    "typography_typography": "globals\/typography?id=6c6f551"
                                }
                            },
                            "elements": [],
                            "isInner": false,
                            "widgetType": "heading",
                            "elType": "widget"
                        },
                        {
                            "id": "40c8d38",
                            "settings": {
                                "image": {
                                    "url": "https:\/\/energeticthemes.com\/wp-templates\/jewear\/wp-content\/uploads\/sites\/16\/2021\/02\/5-1.png",
                                    "id": "991"
                                },
                                "_position": "absolute",
                                "_offset_x": {
                                    "size": "-1",
                                    "unit": "%"
                                },
                                "_offset_y": {
                                    "size": "-23",
                                    "unit": "%"
                                },
                                "_offset_x_tablet": {
                                    "size": "2",
                                    "unit": "px"
                                },
                                "_offset_y_tablet": {
                                    "size": "-28.687",
                                    "unit": "px"
                                },
                                "_z_index": "1"
                            },
                            "elements": [],
                            "isInner": false,
                            "widgetType": "image",
                            "elType": "widget"
                        }
                    ],
                    "isInner": "",
                    "elType": "column"
                }
            ],
            "isInner": "",
            "elType": "section"
        },
        {
            "id": "e8d8806",
            "settings": {
                "gap": "wide",
                "background_background": "classic",
                "__globals__": {
                    "background_color": "globals\/colors?id=cd6dc3a"
                }
            },
            "elements": [
                {
                    "id": "c1af5d7",
                    "settings": {
                        "_column_size": "100"
                    },
                    "elements": [
                        {
                            "id": "3f219267",
                            "settings": {
                                "address": "London Eye, London, United Kingdom",
                                "zoom": {
                                    "unit": "px",
                                    "size": "20",
                                    "sizes": []
                                },
                                "height": {
                                    "unit": "px",
                                    "size": "600",
                                    "sizes": []
                                },
                                "height_mobile": {
                                    "unit": "px",
                                    "size": "380",
                                    "sizes": []
                                }
                            },
                            "elements": [],
                            "isInner": false,
                            "widgetType": "google_maps",
                            "elType": "widget"
                        }
                    ],
                    "isInner": "",
                    "elType": "column"
                }
            ],
            "isInner": "",
            "elType": "section"
        },
        {
            "id": "35d535b7",
            "settings": {
                "gap": "wide",
                "structure": "30",
                "background_background": "classic",
                "padding": {
                    "unit": "px",
                    "top": "40",
                    "right": "0",
                    "bottom": "69",
                    "left": "0",
                    "isLinked": ""
                },
                "__globals__": {
                    "background_color": "globals\/colors?id=cd6dc3a"
                },
                "padding_tablet": {
                    "unit": "px",
                    "top": "0",
                    "right": "0",
                    "bottom": "35",
                    "left": "0",
                    "isLinked": ""
                },
                "margin_mobile": {
                    "unit": "px",
                    "top": "-20",
                    "right": "0",
                    "bottom": "0",
                    "left": "0",
                    "isLinked": ""
                }
            },
            "elements": [
                {
                    "id": "113ed0e5",
                    "settings": {
                        "_column_size": "33",
                        "_inline_size_tablet": "100",
                        "margin_tablet": {
                            "unit": "px",
                            "top": "40",
                            "right": "0",
                            "bottom": "0",
                            "left": "0",
                            "isLinked": ""
                        }
                    },
                    "elements": [
                        {
                            "id": "2279acfb",
                            "settings": {
                                "image": {
                                    "url": "https:\/\/energeticthemes.com\/wp-templates\/jewear\/wp-content\/uploads\/sites\/16\/2021\/02\/photo-1602872321502-810573664a72.jpeg",
                                    "id": "3940"
                                },
                                "width": {
                                    "unit": "%",
                                    "size": "100",
                                    "sizes": []
                                },
                                "space": {
                                    "unit": "%",
                                    "size": "100",
                                    "sizes": []
                                },
                                "height": {
                                    "unit": "px",
                                    "size": "408",
                                    "sizes": []
                                },
                                "object-fit": "cover",
                                "image_border_color": "#02010100",
                                "image_border_radius": {
                                    "unit": "px",
                                    "top": "204",
                                    "right": "204",
                                    "bottom": "0",
                                    "left": "0",
                                    "isLinked": ""
                                },
                                "height_tablet": {
                                    "unit": "px",
                                    "size": "700",
                                    "sizes": []
                                },
                                "image_border_radius_tablet": {
                                    "unit": "px",
                                    "top": "280",
                                    "right": "280",
                                    "bottom": "280",
                                    "left": "280",
                                    "isLinked": "1"
                                },
                                "height_mobile": {
                                    "unit": "px",
                                    "size": "420",
                                    "sizes": []
                                }
                            },
                            "elements": [],
                            "isInner": false,
                            "widgetType": "image",
                            "elType": "widget"
                        },
                        {
                            "id": "2d262725",
                            "settings": {
                                "title": "Our London Shop",
                                "header_size": "h5",
                                "align": "left",
                                "_padding": {
                                    "unit": "px",
                                    "top": "13",
                                    "right": "0",
                                    "bottom": "0",
                                    "left": "0",
                                    "isLinked": ""
                                },
                                "align_tablet": "center"
                            },
                            "elements": [],
                            "isInner": false,
                            "widgetType": "heading",
                            "elType": "widget"
                        },
                        {
                            "id": "284c033a",
                            "settings": {
                                "editor": "<p>9235 Bayberry Drive<br \/>Hendersonville, NC 28792<\/p>",
                                "align_tablet": "center",
                                "_margin": {
                                    "unit": "px",
                                    "top": "0",
                                    "right": "0",
                                    "bottom": "-24",
                                    "left": "0",
                                    "isLinked": ""
                                },
                                "__globals__": {
                                    "typography_typography": "globals\/typography?id=text",
                                    "text_color": "globals\/colors?id=text"
                                }
                            },
                            "elements": [],
                            "isInner": false,
                            "widgetType": "text-editor",
                            "elType": "widget"
                        },
                        {
                            "id": "1e454797",
                            "settings": {
                                "editor": "<p>london@email.com\u200b<br \/>+51853 458 243<\/p>",
                                "align_tablet": "center"
                            },
                            "elements": [],
                            "isInner": false,
                            "widgetType": "text-editor",
                            "elType": "widget"
                        }
                    ],
                    "isInner": "",
                    "elType": "column"
                },
                {
                    "id": "74aff6ca",
                    "settings": {
                        "_column_size": "33",
                        "_inline_size_tablet": "100"
                    },
                    "elements": [
                        {
                            "id": "69593720",
                            "settings": {
                                "image": {
                                    "url": "https:\/\/energeticthemes.com\/wp-templates\/jewear\/wp-content\/uploads\/sites\/16\/2021\/02\/jasmin-chew-XnEq1fOdolE-unsplash.jpg",
                                    "id": "778"
                                },
                                "width": {
                                    "unit": "%",
                                    "size": "100",
                                    "sizes": []
                                },
                                "space": {
                                    "unit": "%",
                                    "size": "100",
                                    "sizes": []
                                },
                                "height": {
                                    "unit": "px",
                                    "size": "408",
                                    "sizes": []
                                },
                                "object-fit": "cover",
                                "image_border_color": "#02010100",
                                "height_tablet": {
                                    "unit": "px",
                                    "size": "700",
                                    "sizes": []
                                },
                                "image_border_radius_tablet": {
                                    "unit": "px",
                                    "top": "380",
                                    "right": "380",
                                    "bottom": "0",
                                    "left": "0",
                                    "isLinked": ""
                                },
                                "height_mobile": {
                                    "unit": "px",
                                    "size": "420",
                                    "sizes": []
                                },
                                "image_border_radius_mobile": {
                                    "unit": "px",
                                    "top": "200",
                                    "right": "200",
                                    "bottom": "0",
                                    "left": "0",
                                    "isLinked": ""
                                }
                            },
                            "elements": [],
                            "isInner": false,
                            "widgetType": "image",
                            "elType": "widget"
                        },
                        {
                            "id": "2e61a670",
                            "settings": {
                                "title": "Our Singapore Shop ",
                                "header_size": "h5",
                                "align": "left",
                                "_padding": {
                                    "unit": "px",
                                    "top": "13",
                                    "right": "0",
                                    "bottom": "0",
                                    "left": "0",
                                    "isLinked": ""
                                },
                                "align_tablet": "center"
                            },
                            "elements": [],
                            "isInner": false,
                            "widgetType": "heading",
                            "elType": "widget"
                        },
                        {
                            "id": "5fd44a42",
                            "settings": {
                                "editor": "<p>9235 Bayberry Drive<br \/>Hendersonville, NC 28792<\/p>",
                                "align_tablet": "center",
                                "_margin": {
                                    "unit": "px",
                                    "top": "0",
                                    "right": "0",
                                    "bottom": "-24",
                                    "left": "0",
                                    "isLinked": ""
                                },
                                "__globals__": {
                                    "typography_typography": "globals\/typography?id=text",
                                    "text_color": "globals\/colors?id=text"
                                }
                            },
                            "elements": [],
                            "isInner": false,
                            "widgetType": "text-editor",
                            "elType": "widget"
                        },
                        {
                            "id": "2ebdf238",
                            "settings": {
                                "editor": "<p>singapore@email.com\u200b<br \/>+51853 458 243<\/p>",
                                "align_tablet": "center"
                            },
                            "elements": [],
                            "isInner": false,
                            "widgetType": "text-editor",
                            "elType": "widget"
                        }
                    ],
                    "isInner": "",
                    "elType": "column"
                },
                {
                    "id": "3a0fabdf",
                    "settings": {
                        "_column_size": "33",
                        "_inline_size_tablet": "100"
                    },
                    "elements": [
                        {
                            "id": "5a3600fe",
                            "settings": {
                                "image": {
                                    "url": "https:\/\/energeticthemes.com\/wp-templates\/jewear\/wp-content\/uploads\/sites\/16\/2021\/02\/fotografierende-EJLzjLFnvPI-unsplash.jpg",
                                    "id": "775"
                                },
                                "width": {
                                    "unit": "%",
                                    "size": "100",
                                    "sizes": []
                                },
                                "space": {
                                    "unit": "%",
                                    "size": "100",
                                    "sizes": []
                                },
                                "height": {
                                    "unit": "px",
                                    "size": "408",
                                    "sizes": []
                                },
                                "object-fit": "cover",
                                "image_border_color": "#02010100",
                                "height_tablet": {
                                    "unit": "px",
                                    "size": "700",
                                    "sizes": []
                                },
                                "image_border_radius_tablet": {
                                    "unit": "px",
                                    "top": "380",
                                    "right": "380",
                                    "bottom": "0",
                                    "left": "0",
                                    "isLinked": ""
                                },
                                "height_mobile": {
                                    "unit": "px",
                                    "size": "420",
                                    "sizes": []
                                },
                                "image_border_radius_mobile": {
                                    "unit": "px",
                                    "top": "200",
                                    "right": "200",
                                    "bottom": "0",
                                    "left": "0",
                                    "isLinked": ""
                                }
                            },
                            "elements": [],
                            "isInner": false,
                            "widgetType": "image",
                            "elType": "widget"
                        },
                        {
                            "id": "7657ec52",
                            "settings": {
                                "title": "Our Chicago Shop",
                                "header_size": "h5",
                                "align": "left",
                                "_padding": {
                                    "unit": "px",
                                    "top": "13",
                                    "right": "0",
                                    "bottom": "0",
                                    "left": "0",
                                    "isLinked": ""
                                },
                                "align_tablet": "center"
                            },
                            "elements": [],
                            "isInner": false,
                            "widgetType": "heading",
                            "elType": "widget"
                        },
                        {
                            "id": "780c8035",
                            "settings": {
                                "editor": "<p>9235 Bayberry Drive<br \/>Hendersonville, NC 28792<\/p>",
                                "align_tablet": "center",
                                "_margin": {
                                    "unit": "px",
                                    "top": "0",
                                    "right": "0",
                                    "bottom": "-24",
                                    "left": "0",
                                    "isLinked": ""
                                },
                                "__globals__": {
                                    "typography_typography": "globals\/typography?id=text",
                                    "text_color": "globals\/colors?id=text"
                                }
                            },
                            "elements": [],
                            "isInner": false,
                            "widgetType": "text-editor",
                            "elType": "widget"
                        },
                        {
                            "id": "5b13dcae",
                            "settings": {
                                "editor": "<p>chicago@email.com\u200b<br \/>+51853 458 243<\/p>",
                                "align_tablet": "center"
                            },
                            "elements": [],
                            "isInner": false,
                            "widgetType": "text-editor",
                            "elType": "widget"
                        }
                    ],
                    "isInner": "",
                    "elType": "column"
                }
            ],
            "isInner": "",
            "elType": "section"
        },
        {
            "id": "46ff37dc",
            "settings": {
                "gap": "wide",
                "structure": "20",
                "background_background": "classic",
                "__globals__": {
                    "background_color": "globals\/colors?id=71786a0"
                },
                "padding": {
                    "unit": "px",
                    "top": "100",
                    "right": "0",
                    "bottom": "80",
                    "left": "0",
                    "isLinked": ""
                },
                "overflow": "hidden",
                "padding_tablet": {
                    "unit": "px",
                    "top": "60",
                    "right": "0",
                    "bottom": "60",
                    "left": "0",
                    "isLinked": ""
                },
                "padding_mobile": {
                    "unit": "px",
                    "top": "50",
                    "right": "0",
                    "bottom": "40",
                    "left": "0",
                    "isLinked": ""
                }
            },
            "elements": [
                {
                    "id": "3999be0a",
                    "settings": {
                        "_column_size": "50",
                        "_inline_size": "50",
                        "_inline_size_tablet": "100",
                        "margin": {
                            "unit": "px",
                            "top": "0",
                            "right": "60",
                            "bottom": "0",
                            "left": "0",
                            "isLinked": ""
                        },
                        "margin_tablet": {
                            "unit": "px",
                            "top": "0",
                            "right": "0",
                            "bottom": "0",
                            "left": "0",
                            "isLinked": ""
                        },
                        "margin_mobile": {
                            "unit": "px",
                            "top": "0",
                            "right": "0",
                            "bottom": "0",
                            "left": "0",
                            "isLinked": ""
                        }
                    },
                    "elements": [
                        {
                            "id": "40f9ddf9",
                            "settings": {
                                "image": {
                                    "url": "https:\/\/energeticthemes.com\/wp-templates\/jewear\/wp-content\/uploads\/sites\/16\/2021\/02\/dom-aguiar-eoR0Ou7js5E-unsplash.jpg",
                                    "id": "774"
                                },
                                "width": {
                                    "unit": "%",
                                    "size": "99",
                                    "sizes": []
                                },
                                "space": {
                                    "unit": "%",
                                    "size": "100",
                                    "sizes": []
                                },
                                "height": {
                                    "unit": "px",
                                    "size": "600",
                                    "sizes": []
                                },
                                "object-fit": "cover",
                                "_z_index": "2",
                                "image_border_border": "solid",
                                "image_border_color": "#02010100",
                                "image_border_radius": {
                                    "unit": "px",
                                    "top": "260",
                                    "right": "0",
                                    "bottom": "260",
                                    "left": "260",
                                    "isLinked": ""
                                },
                                "height_tablet": {
                                    "unit": "px",
                                    "size": "700",
                                    "sizes": []
                                },
                                "image_border_radius_tablet": {
                                    "unit": "px",
                                    "top": "450",
                                    "right": "0",
                                    "bottom": "450",
                                    "left": "450",
                                    "isLinked": ""
                                },
                                "width_mobile": {
                                    "unit": "%",
                                    "size": "100",
                                    "sizes": []
                                },
                                "space_mobile": {
                                    "unit": "%",
                                    "size": "100",
                                    "sizes": []
                                },
                                "height_mobile": {
                                    "unit": "px",
                                    "size": "420",
                                    "sizes": []
                                }
                            },
                            "elements": [],
                            "isInner": false,
                            "widgetType": "image",
                            "elType": "widget"
                        },
                        {
                            "id": "52e1a7d7",
                            "settings": {
                                "image": {
                                    "url": "https:\/\/energeticthemes.com\/wp-templates\/jewear\/wp-content\/uploads\/sites\/16\/2021\/02\/8.png",
                                    "id": "200"
                                },
                                "width": {
                                    "unit": "px",
                                    "size": "601",
                                    "sizes": []
                                },
                                "space": {
                                    "unit": "px",
                                    "size": "600",
                                    "sizes": []
                                },
                                "height": {
                                    "unit": "px",
                                    "size": "449",
                                    "sizes": []
                                },
                                "object-fit": "cover",
                                "opacity": {
                                    "unit": "px",
                                    "size": "0.3",
                                    "sizes": []
                                },
                                "_position": "absolute",
                                "_offset_x": {
                                    "unit": "%",
                                    "size": "1",
                                    "sizes": []
                                },
                                "_offset_x_tablet": {
                                    "size": "-30.094",
                                    "unit": "px"
                                },
                                "_offset_y": {
                                    "unit": "%",
                                    "size": "3",
                                    "sizes": []
                                },
                                "_offset_y_tablet": {
                                    "size": "22.797",
                                    "unit": "px"
                                },
                                "hide_mobile": "hidden-phone"
                            },
                            "elements": [],
                            "isInner": false,
                            "widgetType": "image",
                            "elType": "widget"
                        }
                    ],
                    "isInner": "",
                    "elType": "column"
                },
                {
                    "id": "6d39137d",
                    "settings": {
                        "_column_size": "50",
                        "_inline_size": "50",
                        "_inline_size_tablet": "100",
                        "margin_tablet": {
                            "unit": "px",
                            "top": "-20",
                            "right": "0",
                            "bottom": "0",
                            "left": "0",
                            "isLinked": ""
                        },
                        "margin_mobile": {
                            "unit": "px",
                            "top": "-30",
                            "right": "0",
                            "bottom": "0",
                            "left": "0",
                            "isLinked": ""
                        }
                    },
                    "elements": [
                        {
                            "id": "694dbad4",
                            "settings": {
                                "title": "We're here to help",
                                "header_size": "h4"
                            },
                            "elements": [],
                            "isInner": false,
                            "widgetType": "heading",
                            "elType": "widget"
                        },
                        {
                            "id": "51af15fc",
                            "settings": {
                                "editor": "<p>If you have any questions about our website please email web@email.com, fill out the form or call +44 650.800.3124.<\/p>",
                                "_padding": {
                                    "unit": "px",
                                    "top": "0",
                                    "right": "100",
                                    "bottom": "0",
                                    "left": "0",
                                    "isLinked": ""
                                }
                            },
                            "elements": [],
                            "isInner": false,
                            "widgetType": "text-editor",
                            "elType": "widget"
                        },
                        {
                            "id": "2622a99d",
                            "settings": {
                                "form_name": "New Form",
                                "form_fields": [
                                    {
                                        "custom_id": "name",
                                        "placeholder": "Name",
                                        "_id": "385e084"
                                    },
                                    {
                                        "custom_id": "email",
                                        "field_type": "email",
                                        "required": "true",
                                        "placeholder": "Email",
                                        "_id": "1aa222a"
                                    },
                                    {
                                        "custom_id": "message",
                                        "field_type": "textarea",
                                        "placeholder": "Message",
                                        "_id": "71c086a",
                                        "rows": "6"
                                    }
                                ],
                                "step_next_label": "Next",
                                "step_previous_label": "Previous",
                                "button_text": "Submit",
                                "email_content": "[all-fields]",
                                "email_content_2": "[all-fields]",
                                "success_message": "The form was sent successfully.",
                                "error_message": "An error occurred.",
                                "required_field_message": "This field is required.",
                                "invalid_message": "There's something wrong. The form is invalid.",
                                "button_width": "20",
                                "row_gap": {
                                    "unit": "px",
                                    "size": "40",
                                    "sizes": []
                                },
                                "field_background_color": "#FFFFFF00",
                                "field_border_width": {
                                    "unit": "px",
                                    "top": "0",
                                    "right": "0",
                                    "bottom": "02",
                                    "left": "0",
                                    "isLinked": ""
                                },
                                "field_border_radius": {
                                    "unit": "px",
                                    "top": "0",
                                    "right": "0",
                                    "bottom": "0",
                                    "left": "0",
                                    "isLinked": ""
                                }
                            },
                            "elements": [],
                            "isInner": false,
                            "widgetType": "form",
                            "elType": "widget"
                        }
                    ],
                    "isInner": "",
                    "elType": "column"
                }
            ],
            "isInner": "",
            "elType": "section"
        }
    ],
    "page_settings": {
        "hide_title": "yes",
        "template": "elementor_header_footer"
    }
}