{
    "version": "0.4",
    "title": "FAQ&#8217;s",
    "type": "page",
    "metadata": {
        "template_type": "single-page",
        "include_in_zip": "1",
        "elementor_pro_required": null,
        "wp_page_template": "elementor_header_footer"
    },
    "content": [
        {
            "id": "1dc6c222",
            "settings": {
                "gap": "wide",
                "background_background": "classic",
                "padding": {
                    "unit": "px",
                    "top": "80",
                    "right": "0",
                    "bottom": "40",
                    "left": "0",
                    "isLinked": ""
                },
                "padding_tablet": {
                    "unit": "px",
                    "top": "20",
                    "right": "0",
                    "bottom": "20",
                    "left": "0",
                    "isLinked": ""
                },
                "padding_mobile": {
                    "unit": "px",
                    "top": "10",
                    "right": "0",
                    "bottom": "10",
                    "left": "0",
                    "isLinked": ""
                },
                "__globals__": {
                    "background_color": "globals\/colors?id=cd6dc3a"
                }
            },
            "elements": [
                {
                    "id": "6dbc8891",
                    "settings": {
                        "_column_size": "100",
                        "margin": {
                            "unit": "%",
                            "top": "0",
                            "right": "24",
                            "bottom": "0",
                            "left": "24",
                            "isLinked": ""
                        },
                        "margin_tablet": {
                            "unit": "px",
                            "top": "0",
                            "right": "0",
                            "bottom": "0",
                            "left": "0",
                            "isLinked": ""
                        },
                        "margin_mobile": {
                            "unit": "px",
                            "top": "0",
                            "right": "0",
                            "bottom": "0",
                            "left": "0",
                            "isLinked": ""
                        }
                    },
                    "elements": [
                        {
                            "id": "26fb0b2c",
                            "settings": {
                                "title": "Our",
                                "header_size": "h5",
                                "__globals__": {
                                    "title_color": "globals\/colors?id=307cef1",
                                    "typography_typography": "globals\/typography?id=0738e5a"
                                },
                                "_z_index": "2",
                                "align": "center"
                            },
                            "elements": [],
                            "isInner": false,
                            "widgetType": "heading",
                            "elType": "widget"
                        },
                        {
                            "id": "73411045",
                            "settings": {
                                "title": "FAQ's",
                                "header_size": "h1",
                                "_margin": {
                                    "unit": "px",
                                    "top": "-11",
                                    "right": "0",
                                    "bottom": "0",
                                    "left": "0",
                                    "isLinked": ""
                                },
                                "_z_index": "2",
                                "align": "center",
                                "__globals__": {
                                    "typography_typography": "globals\/typography?id=6c6f551"
                                }
                            },
                            "elements": [],
                            "isInner": false,
                            "widgetType": "heading",
                            "elType": "widget"
                        },
                        {
                            "id": "e350b89",
                            "settings": {
                                "editor": "<p>Vestibulum ante ipsum primis in faucibus orci luctus et ultrices posuere cubilia curae;nulla lacus, fermentum non tellus in, euismod euismod ivamus enim turpis, cursus vitae bibendum et, volutpat quis enim.<\/p>",
                                "_z_index": "2",
                                "align": "center",
                                "_padding": {
                                    "unit": "px",
                                    "top": "0",
                                    "right": "20",
                                    "bottom": "0",
                                    "left": "20",
                                    "isLinked": ""
                                },
                                "_margin": {
                                    "unit": "px",
                                    "top": "0",
                                    "right": "0",
                                    "bottom": "-20",
                                    "left": "0",
                                    "isLinked": ""
                                },
                                "_padding_mobile": {
                                    "unit": "px",
                                    "top": "0",
                                    "right": "0",
                                    "bottom": "0",
                                    "left": "0",
                                    "isLinked": ""
                                }
                            },
                            "elements": [],
                            "isInner": false,
                            "widgetType": "text-editor",
                            "elType": "widget"
                        },
                        {
                            "id": "7d0740c",
                            "settings": {
                                "image": {
                                    "url": "https:\/\/energeticthemes.com\/wp-templates\/jewear\/wp-content\/uploads\/sites\/16\/2021\/02\/15.png",
                                    "id": "207"
                                },
                                "width": {
                                    "unit": "px",
                                    "size": "126",
                                    "sizes": []
                                },
                                "space": {
                                    "unit": "px",
                                    "size": "126",
                                    "sizes": []
                                },
                                "height": {
                                    "unit": "px",
                                    "size": "88",
                                    "sizes": []
                                },
                                "opacity": {
                                    "unit": "px",
                                    "size": "0.3",
                                    "sizes": []
                                },
                                "_position": "absolute",
                                "_offset_x": {
                                    "size": "",
                                    "unit": "%"
                                },
                                "_offset_y": {
                                    "size": "11",
                                    "unit": "%"
                                },
                                "_offset_x_mobile": {
                                    "size": "-1.578",
                                    "unit": "px"
                                },
                                "_offset_y_mobile": {
                                    "size": "29.531",
                                    "unit": "px"
                                }
                            },
                            "elements": [],
                            "isInner": false,
                            "widgetType": "image",
                            "elType": "widget"
                        }
                    ],
                    "isInner": "",
                    "elType": "column"
                }
            ],
            "isInner": "",
            "elType": "section"
        },
        {
            "id": "1083e9b0",
            "settings": {
                "gap": "wide",
                "structure": "30",
                "background_background": "classic",
                "padding": {
                    "unit": "px",
                    "top": "80",
                    "right": "0",
                    "bottom": "80",
                    "left": "0",
                    "isLinked": ""
                },
                "padding_tablet": {
                    "unit": "px",
                    "top": "60",
                    "right": "0",
                    "bottom": "60",
                    "left": "0",
                    "isLinked": ""
                },
                "padding_mobile": {
                    "unit": "px",
                    "top": "40",
                    "right": "0",
                    "bottom": "40",
                    "left": "0",
                    "isLinked": ""
                },
                "__globals__": {
                    "background_color": "globals\/colors?id=71786a0"
                }
            },
            "elements": [
                {
                    "id": "44e724a6",
                    "settings": {
                        "_column_size": "33",
                        "_inline_size_tablet": "100"
                    },
                    "elements": [
                        {
                            "id": "67344983",
                            "settings": {
                                "title": "Custom jewelry",
                                "header_size": "h4",
                                "align": "center",
                                "_margin": {
                                    "unit": "px",
                                    "top": "0",
                                    "right": "0",
                                    "bottom": "-01",
                                    "left": "0",
                                    "isLinked": ""
                                }
                            },
                            "elements": [],
                            "isInner": false,
                            "widgetType": "heading",
                            "elType": "widget"
                        },
                        {
                            "id": "47b402ef",
                            "settings": {
                                "editor": "<p>Lorem ipsum dolor sit amet, consectetur adipiscing elit. Cras maximus, dolor nec placerat scelerisque, urna libero lacinia nisi, vitae viverra augue turpis eget dui.<\/p>",
                                "align": "center",
                                "_margin": {
                                    "unit": "px",
                                    "top": "0",
                                    "right": "0",
                                    "bottom": "-08",
                                    "left": "0",
                                    "isLinked": ""
                                }
                            },
                            "elements": [],
                            "isInner": false,
                            "widgetType": "text-editor",
                            "elType": "widget"
                        },
                        {
                            "id": "3d55a375",
                            "settings": {
                                "text": "Read more",
                                "background_color": "#02010100",
                                "border_border": "solid",
                                "border_width": {
                                    "unit": "px",
                                    "top": "0",
                                    "right": "0",
                                    "bottom": "2",
                                    "left": "0",
                                    "isLinked": ""
                                },
                                "border_radius": {
                                    "unit": "px",
                                    "top": "0",
                                    "right": "0",
                                    "bottom": "0",
                                    "left": "0",
                                    "isLinked": ""
                                },
                                "text_padding": {
                                    "unit": "px",
                                    "top": "0",
                                    "right": "0",
                                    "bottom": "04",
                                    "left": "0",
                                    "isLinked": ""
                                },
                                "__globals__": {
                                    "button_text_color": "globals\/colors?id=secondary",
                                    "hover_color": "globals\/colors?id=307cef1",
                                    "button_hover_border_color": "globals\/colors?id=307cef1"
                                },
                                "align": "center"
                            },
                            "elements": [],
                            "isInner": false,
                            "widgetType": "button",
                            "elType": "widget"
                        }
                    ],
                    "isInner": "",
                    "elType": "column"
                },
                {
                    "id": "4f8e7b88",
                    "settings": {
                        "_column_size": "33",
                        "_inline_size_tablet": "100"
                    },
                    "elements": [
                        {
                            "id": "371a6a38",
                            "settings": {
                                "title": "On Demand",
                                "header_size": "h4",
                                "align": "center",
                                "_margin": {
                                    "unit": "px",
                                    "top": "0",
                                    "right": "0",
                                    "bottom": "-01",
                                    "left": "0",
                                    "isLinked": ""
                                }
                            },
                            "elements": [],
                            "isInner": false,
                            "widgetType": "heading",
                            "elType": "widget"
                        },
                        {
                            "id": "3a26d150",
                            "settings": {
                                "editor": "<p>Lorem ipsum dolor sit amet, consectetur adipiscing elit. Cras maximus, dolor nec placerat scelerisque, urna libero lacinia nisi, vitae viverra augue turpis eget dui.<\/p>",
                                "align": "center",
                                "_margin": {
                                    "unit": "px",
                                    "top": "0",
                                    "right": "0",
                                    "bottom": "-08",
                                    "left": "0",
                                    "isLinked": ""
                                }
                            },
                            "elements": [],
                            "isInner": false,
                            "widgetType": "text-editor",
                            "elType": "widget"
                        },
                        {
                            "id": "463455bb",
                            "settings": {
                                "text": "Read more",
                                "background_color": "#02010100",
                                "border_border": "solid",
                                "border_width": {
                                    "unit": "px",
                                    "top": "0",
                                    "right": "0",
                                    "bottom": "2",
                                    "left": "0",
                                    "isLinked": ""
                                },
                                "border_radius": {
                                    "unit": "px",
                                    "top": "0",
                                    "right": "0",
                                    "bottom": "0",
                                    "left": "0",
                                    "isLinked": ""
                                },
                                "text_padding": {
                                    "unit": "px",
                                    "top": "0",
                                    "right": "0",
                                    "bottom": "04",
                                    "left": "0",
                                    "isLinked": ""
                                },
                                "__globals__": {
                                    "button_text_color": "globals\/colors?id=secondary",
                                    "hover_color": "globals\/colors?id=307cef1",
                                    "button_hover_border_color": "globals\/colors?id=307cef1"
                                },
                                "align": "center"
                            },
                            "elements": [],
                            "isInner": false,
                            "widgetType": "button",
                            "elType": "widget"
                        }
                    ],
                    "isInner": "",
                    "elType": "column"
                },
                {
                    "id": "3ddb0290",
                    "settings": {
                        "_column_size": "33",
                        "_inline_size_tablet": "100"
                    },
                    "elements": [
                        {
                            "id": "61c4423c",
                            "settings": {
                                "title": "Jewelry Repair",
                                "header_size": "h4",
                                "align": "center",
                                "_margin": {
                                    "unit": "px",
                                    "top": "0",
                                    "right": "0",
                                    "bottom": "-01",
                                    "left": "0",
                                    "isLinked": ""
                                }
                            },
                            "elements": [],
                            "isInner": false,
                            "widgetType": "heading",
                            "elType": "widget"
                        },
                        {
                            "id": "b7cce8",
                            "settings": {
                                "editor": "<p>Lorem ipsum dolor sit amet, consectetur adipiscing elit. Cras maximus, dolor nec placerat scelerisque, urna libero lacinia nisi, vitae viverra augue turpis eget dui.<\/p>",
                                "align": "center",
                                "_margin": {
                                    "unit": "px",
                                    "top": "0",
                                    "right": "0",
                                    "bottom": "-08",
                                    "left": "0",
                                    "isLinked": ""
                                }
                            },
                            "elements": [],
                            "isInner": false,
                            "widgetType": "text-editor",
                            "elType": "widget"
                        },
                        {
                            "id": "543d17fb",
                            "settings": {
                                "text": "Read more",
                                "background_color": "#02010100",
                                "border_border": "solid",
                                "border_width": {
                                    "unit": "px",
                                    "top": "0",
                                    "right": "0",
                                    "bottom": "2",
                                    "left": "0",
                                    "isLinked": ""
                                },
                                "border_radius": {
                                    "unit": "px",
                                    "top": "0",
                                    "right": "0",
                                    "bottom": "0",
                                    "left": "0",
                                    "isLinked": ""
                                },
                                "text_padding": {
                                    "unit": "px",
                                    "top": "0",
                                    "right": "0",
                                    "bottom": "04",
                                    "left": "0",
                                    "isLinked": ""
                                },
                                "__globals__": {
                                    "button_text_color": "globals\/colors?id=secondary",
                                    "hover_color": "globals\/colors?id=307cef1",
                                    "button_hover_border_color": "globals\/colors?id=307cef1"
                                },
                                "align": "center"
                            },
                            "elements": [],
                            "isInner": false,
                            "widgetType": "button",
                            "elType": "widget"
                        }
                    ],
                    "isInner": "",
                    "elType": "column"
                }
            ],
            "isInner": "",
            "elType": "section"
        },
        {
            "id": "156e4baa",
            "settings": {
                "gap": "wide",
                "padding": {
                    "unit": "px",
                    "top": "56",
                    "right": "0",
                    "bottom": "69",
                    "left": "0",
                    "isLinked": ""
                },
                "padding_tablet": {
                    "unit": "px",
                    "top": "60",
                    "right": "0",
                    "bottom": "40",
                    "left": "0",
                    "isLinked": ""
                },
                "__globals__": {
                    "background_color": "globals\/colors?id=cd6dc3a"
                },
                "padding_mobile": {
                    "unit": "px",
                    "top": "20",
                    "right": "0",
                    "bottom": "0",
                    "left": "0",
                    "isLinked": ""
                },
                "overflow": "hidden",
                "background_background": "classic"
            },
            "elements": [
                {
                    "id": "4c5e9e5b",
                    "settings": {
                        "_column_size": "100",
                        "_inline_size": "100",
                        "margin": {
                            "unit": "%",
                            "top": "0",
                            "right": "16.66666666666667",
                            "bottom": "0",
                            "left": "16.66666666666667",
                            "isLinked": ""
                        },
                        "margin_tablet": {
                            "unit": "px",
                            "top": "0",
                            "right": "0",
                            "bottom": "0",
                            "left": "0",
                            "isLinked": ""
                        }
                    },
                    "elements": [
                        {
                            "id": "27568204",
                            "settings": {
                                "tabs": [
                                    {
                                        "tab_title": "Q: What is the scope of your mining operations?",
                                        "tab_content": "<p>Siam nonumy eirmod tempor invidunt ut labore et dolore magna aliquyam erat, sed diam voluptua. dolores et ea rebum vero eos et accusam et justo duo dolores et ea rebum. Stet clita kasd gubergren, no sea takimata sanctus est Lorem ipsum dolor sit amet.<\/p><p>sadipscing elitr, sed diam nonumy eirmod tempor invidunt ut labore et dolore magna aliquyam erat, sed diam voluptua. At vero eos et accusam et rebum.<\/p>",
                                        "_id": "f843429"
                                    },
                                    {
                                        "tab_title": "Q: How do you make steel and what is it used for?",
                                        "tab_content": "<p>Siam nonumy eirmod tempor invidunt ut labore et dolore magna aliquyam erat, sed diam voluptua. dolores et ea rebum vero eos et accusam et justo duo dolores et ea rebum. Stet clita kasd gubergren, no sea takimata sanctus est Lorem ipsum dolor sit amet.<\/p><p>sadipscing elitr, sed diam nonumy eirmod tempor invidunt ut labore et dolore magna aliquyam erat, sed diam voluptua. At vero eos et accusam et rebum.<\/p>",
                                        "_id": "cd9dfeb"
                                    },
                                    {
                                        "tab_title": "Q: How much steel do you produce each year?",
                                        "tab_content": "<p>Siam nonumy eirmod tempor invidunt ut labore et dolore magna aliquyam erat, sed diam voluptua. dolores et ea rebum vero eos et accusam et justo duo dolores et ea rebum. Stet clita kasd gubergren, no sea takimata sanctus est Lorem ipsum dolor sit amet.<\/p><p>sadipscing elitr, sed diam nonumy eirmod tempor invidunt ut labore et dolore magna aliquyam erat, sed diam voluptua. At vero eos et accusam et rebum.<\/p>",
                                        "_id": "b85e856"
                                    },
                                    {
                                        "tab_title": "Q: What is your focus in terms of research and development?",
                                        "tab_content": "<p>Siam nonumy eirmod tempor invidunt ut labore et dolore magna aliquyam erat, sed diam voluptua. dolores et ea rebum vero eos et accusam et justo duo dolores et ea rebum. Stet clita kasd gubergren, no sea takimata sanctus est Lorem ipsum dolor sit amet.<\/p><p>sadipscing elitr, sed diam nonumy eirmod tempor invidunt ut labore et dolore magna aliquyam erat, sed diam voluptua. At vero eos et accusam et rebum.<\/p>",
                                        "_id": "3f3890e"
                                    },
                                    {
                                        "tab_title": "Q: What is approach to managing sustainability?",
                                        "tab_content": "<p>Siam nonumy eirmod tempor invidunt ut labore et dolore magna aliquyam erat, sed diam voluptua. dolores et ea rebum vero eos et accusam et justo duo dolores et ea rebum. Stet clita kasd gubergren, no sea takimata sanctus est Lorem ipsum dolor sit amet.<\/p><p>sadipscing elitr, sed diam nonumy eirmod tempor invidunt ut labore et dolore magna aliquyam erat, sed diam voluptua. At vero eos et accusam et rebum.<\/p>",
                                        "_id": "301b296"
                                    },
                                    {
                                        "tab_title": "Q: What is the company\u2019s current dividend policy?",
                                        "tab_content": "<p>Siam nonumy eirmod tempor invidunt ut labore et dolore magna aliquyam erat, sed diam voluptua. dolores et ea rebum vero eos et accusam et justo duo dolores et ea rebum. Stet clita kasd gubergren, no sea takimata sanctus est Lorem ipsum dolor sit amet.<\/p><p>sadipscing elitr, sed diam nonumy eirmod tempor invidunt ut labore et dolore magna aliquyam erat, sed diam voluptua. At vero eos et accusam et rebum.<\/p>",
                                        "_id": "f68a4df"
                                    }
                                ],
                                "selected_icon": {
                                    "value": "fas fa-angle-down",
                                    "library": "fa-solid"
                                },
                                "selected_active_icon": {
                                    "value": "fas fa-angle-up",
                                    "library": "fa-solid"
                                },
                                "border_width": {
                                    "unit": "px",
                                    "size": "0",
                                    "sizes": []
                                },
                                "title_background": "#FFFFFF00",
                                "title_color": "#141E39",
                                "tab_active_color": "#141E39",
                                "title_padding": {
                                    "unit": "px",
                                    "top": "25",
                                    "right": "0",
                                    "bottom": "19",
                                    "left": "0",
                                    "isLinked": ""
                                },
                                "icon_align": "right",
                                "icon_color": "#88553A",
                                "icon_active_color": "#88553A",
                                "content_background_color": "#FFFFFF00",
                                "content_padding": {
                                    "unit": "px",
                                    "top": "14",
                                    "right": "60",
                                    "bottom": "13",
                                    "left": "0",
                                    "isLinked": ""
                                },
                                "__globals__": {
                                    "content_background_color": "",
                                    "title_background": "",
                                    "title_color": "globals\/colors?id=primary",
                                    "title_typography_typography": "globals\/typography?id=94a9b92",
                                    "tab_active_color": "globals\/colors?id=primary",
                                    "icon_color": "globals\/colors?id=307cef1",
                                    "icon_active_color": "globals\/colors?id=307cef1",
                                    "border_color": "",
                                    "content_typography_typography": "globals\/typography?id=text"
                                }
                            },
                            "elements": [],
                            "isInner": false,
                            "widgetType": "accordion",
                            "elType": "widget"
                        }
                    ],
                    "isInner": "",
                    "elType": "column"
                }
            ],
            "isInner": "",
            "elType": "section"
        },
        {
            "id": "2507c29",
            "settings": {
                "gap": "wide",
                "__globals__": {
                    "background_color": "globals\/colors?id=cd6dc3a"
                },
                "margin_mobile": {
                    "unit": "px",
                    "top": "",
                    "right": "0",
                    "bottom": "",
                    "left": "0",
                    "isLinked": "1"
                },
                "overflow": "hidden",
                "background_background": "classic"
            },
            "elements": [
                {
                    "id": "57e45ba6",
                    "settings": {
                        "_column_size": "100",
                        "_inline_size": "100",
                        "margin": {
                            "unit": "%",
                            "top": "0",
                            "right": "16.66666666666667",
                            "bottom": "0",
                            "left": "16.66666666666667",
                            "isLinked": ""
                        },
                        "margin_tablet": {
                            "unit": "px",
                            "top": "0",
                            "right": "0",
                            "bottom": "0",
                            "left": "0",
                            "isLinked": ""
                        }
                    },
                    "elements": [
                        {
                            "id": "54182d5d",
                            "settings": {
                                "title": "Still no luck? we can help!",
                                "align": "center",
                                "__globals__": {
                                    "typography_typography": "globals\/typography?id=97bf402",
                                    "title_color": "globals\/colors?id=primary"
                                },
                                "header_size": "h3",
                                "title_color": "#141E39"
                            },
                            "elements": [],
                            "isInner": false,
                            "widgetType": "heading",
                            "elType": "widget"
                        },
                        {
                            "id": "7fc6a0df",
                            "settings": {
                                "text": "Submit a request",
                                "align": "center",
                                "_padding": {
                                    "unit": "px",
                                    "top": "28",
                                    "right": "0",
                                    "bottom": "101",
                                    "left": "0",
                                    "isLinked": ""
                                },
                                "_padding_tablet": {
                                    "unit": "px",
                                    "top": "30",
                                    "right": "0",
                                    "bottom": "80",
                                    "left": "0",
                                    "isLinked": ""
                                },
                                "_padding_mobile": {
                                    "unit": "px",
                                    "top": "21",
                                    "right": "0",
                                    "bottom": "60",
                                    "left": "0",
                                    "isLinked": ""
                                }
                            },
                            "elements": [],
                            "isInner": false,
                            "widgetType": "button",
                            "elType": "widget"
                        }
                    ],
                    "isInner": "",
                    "elType": "column"
                }
            ],
            "isInner": "",
            "elType": "section"
        }
    ],
    "page_settings": {
        "hide_title": "yes",
        "template": "elementor_header_footer"
    }
}