{
    "version": "0.4",
    "title": "Footer",
    "type": "footer",
    "metadata": {
        "template_type": "section-footer",
        "include_in_zip": "1",
        "elementor_pro_required": "1",
        "elementor_library_type": "footer",
        "elementor_pro_conditions": [
            "include\/general"
        ],
        "additional_template_information": [
            "This is a \"Footer\" template for Elementor Pro.",
            "This template will display on: Entire Site."
        ],
        "wp_page_template": "default"
    },
    "content": [
        {
            "id": "2ae7d515",
            "settings": {
                "gap": "wide",
                "structure": "50",
                "background_background": "classic",
                "__globals__": {
                    "background_color": "globals\/colors?id=227d258"
                },
                "padding": {
                    "unit": "px",
                    "top": "83",
                    "right": "0",
                    "bottom": "63",
                    "left": "0",
                    "isLinked": ""
                },
                "overflow": "hidden",
                "padding_tablet": {
                    "unit": "px",
                    "top": "50",
                    "right": "0",
                    "bottom": "0",
                    "left": "0",
                    "isLinked": ""
                }
            },
            "elements": [
                {
                    "id": "47d641cc",
                    "settings": {
                        "_column_size": "20",
                        "_inline_size_tablet": "100",
                        "_inline_size": "24.615"
                    },
                    "elements": [
                        {
                            "id": "6b4ce2b2",
                            "settings": {
                                "image": {
                                    "url": "https:\/\/energeticthemes.com\/wp-templates\/jewellrywear\/wp-content\/uploads\/sites\/16\/2021\/02\/footer-logo.png",
                                    "id": 4446
                                },
                                "align": "left",
                                "width": {
                                    "unit": "%",
                                    "size": 100,
                                    "sizes": []
                                },
                                "space": {
                                    "unit": "%",
                                    "size": 100,
                                    "sizes": []
                                },
                                "_z_index": "5",
                                "image_size": "full"
                            },
                            "elements": [],
                            "isInner": false,
                            "widgetType": "image",
                            "elType": "widget"
                        }
                    ],
                    "isInner": "",
                    "elType": "column"
                },
                {
                    "id": "1eb3c44f",
                    "settings": {
                        "_column_size": "20",
                        "_inline_size_tablet": "50",
                        "margin_mobile": {
                            "unit": "px",
                            "top": "-20",
                            "right": "0",
                            "bottom": "0",
                            "left": "0",
                            "isLinked": ""
                        },
                        "_inline_size": "17.505"
                    },
                    "elements": [
                        {
                            "id": "68d39258",
                            "settings": {
                                "title": "Get in touch",
                                "header_size": "h5",
                                "typography_typography": "custom",
                                "typography_font_family": "Playfair Display",
                                "typography_font_weight": "400",
                                "_margin": {
                                    "unit": "px",
                                    "top": "0",
                                    "right": "0",
                                    "bottom": "0",
                                    "left": "0",
                                    "isLinked": ""
                                },
                                "__globals__": {
                                    "typography_typography": "globals\/typography?id=primary",
                                    "title_color": ""
                                }
                            },
                            "elements": [],
                            "isInner": false,
                            "widgetType": "heading",
                            "elType": "widget"
                        },
                        {
                            "id": "705a33b7",
                            "settings": {
                                "editor": "<p>info@address.com<\/p>",
                                "_margin": {
                                    "unit": "px",
                                    "top": "1",
                                    "right": "0",
                                    "bottom": "0",
                                    "left": "0",
                                    "isLinked": ""
                                },
                                "__globals__": {
                                    "typography_typography": "globals\/typography?id=text",
                                    "text_color": "globals\/colors?id=text"
                                }
                            },
                            "elements": [],
                            "isInner": false,
                            "widgetType": "text-editor",
                            "elType": "widget"
                        },
                        {
                            "id": "30e7626e",
                            "settings": {
                                "title": "Headquarters",
                                "header_size": "h5",
                                "_margin": {
                                    "unit": "px",
                                    "top": "15",
                                    "right": "0",
                                    "bottom": "0",
                                    "left": "0",
                                    "isLinked": ""
                                },
                                "__globals__": {
                                    "typography_typography": "globals\/typography?id=primary"
                                }
                            },
                            "elements": [],
                            "isInner": false,
                            "widgetType": "heading",
                            "elType": "widget"
                        },
                        {
                            "id": "4b88f18c",
                            "settings": {
                                "editor": "<p>9235 Bayberry Drive<br \/>Hendersonville, NC 28792<\/p>",
                                "_margin": {
                                    "unit": "px",
                                    "top": "11",
                                    "right": "0",
                                    "bottom": "0",
                                    "left": "0",
                                    "isLinked": ""
                                },
                                "__globals__": {
                                    "typography_typography": "globals\/typography?id=text",
                                    "text_color": "globals\/colors?id=text"
                                }
                            },
                            "elements": [],
                            "isInner": false,
                            "widgetType": "text-editor",
                            "elType": "widget"
                        }
                    ],
                    "isInner": "",
                    "elType": "column"
                },
                {
                    "id": "54069964",
                    "settings": {
                        "_column_size": "20",
                        "_inline_size": "19.298",
                        "_inline_size_tablet": "50"
                    },
                    "elements": [
                        {
                            "id": "11cf2fda",
                            "settings": {
                                "title": "Shop",
                                "header_size": "h5",
                                "__globals__": {
                                    "typography_typography": "globals\/typography?id=primary"
                                }
                            },
                            "elements": [],
                            "isInner": false,
                            "widgetType": "heading",
                            "elType": "widget"
                        },
                        {
                            "id": "68897f77",
                            "settings": {
                                "layout": "vertical",
                                "align_items": "left",
                                "dropdown": "none",
                                "toggle_align": "left",
                                "padding_horizontal_menu_item": {
                                    "unit": "px",
                                    "size": "0",
                                    "sizes": []
                                },
                                "menu_typography_typography": "custom",
                                "menu_typography_font_family": "Roboto",
                                "menu_typography_font_size": {
                                    "unit": "px",
                                    "size": "16",
                                    "sizes": []
                                },
                                "menu_typography_font_weight": "400",
                                "menu_typography_line_height": {
                                    "unit": "px",
                                    "size": "40",
                                    "sizes": []
                                },
                                "padding_vertical_menu_item": {
                                    "unit": "px",
                                    "size": "1",
                                    "sizes": []
                                },
                                "_margin": {
                                    "unit": "px",
                                    "top": "5",
                                    "right": "0",
                                    "bottom": "0",
                                    "left": "0",
                                    "isLinked": ""
                                },
                                "__globals__": {
                                    "menu_typography_typography": "",
                                    "color_menu_item": "globals\/colors?id=secondary",
                                    "pointer_color_menu_item_hover": "globals\/colors?id=307cef1",
                                    "color_menu_item_hover": "globals\/colors?id=307cef1"
                                },
                                "pointer_width": {
                                    "unit": "px",
                                    "size": "0",
                                    "sizes": []
                                }
                            },
                            "elements": [],
                            "isInner": false,
                            "widgetType": "nav-menu",
                            "elType": "widget"
                        }
                    ],
                    "isInner": "",
                    "elType": "column"
                },
                {
                    "id": "e9ea231",
                    "settings": {
                        "_column_size": "20",
                        "_inline_size_tablet": "50",
                        "_inline_size": "14.227"
                    },
                    "elements": [
                        {
                            "id": "1ed2cf10",
                            "settings": {
                                "title": "Useful",
                                "header_size": "h5",
                                "__globals__": {
                                    "typography_typography": "globals\/typography?id=primary"
                                }
                            },
                            "elements": [],
                            "isInner": false,
                            "widgetType": "heading",
                            "elType": "widget"
                        },
                        {
                            "id": "dfec2",
                            "settings": {
                                "layout": "vertical",
                                "align_items": "left",
                                "dropdown": "none",
                                "toggle_align": "left",
                                "padding_horizontal_menu_item": {
                                    "unit": "px",
                                    "size": "0",
                                    "sizes": []
                                },
                                "menu_typography_typography": "custom",
                                "menu_typography_font_family": "Roboto",
                                "menu_typography_font_size": {
                                    "unit": "px",
                                    "size": "16",
                                    "sizes": []
                                },
                                "menu_typography_font_weight": "400",
                                "menu_typography_line_height": {
                                    "unit": "px",
                                    "size": "40",
                                    "sizes": []
                                },
                                "padding_vertical_menu_item": {
                                    "unit": "px",
                                    "size": "1",
                                    "sizes": []
                                },
                                "_margin": {
                                    "unit": "px",
                                    "top": "5",
                                    "right": "0",
                                    "bottom": "0",
                                    "left": "0",
                                    "isLinked": ""
                                },
                                "__globals__": {
                                    "menu_typography_typography": "",
                                    "color_menu_item": "globals\/colors?id=secondary",
                                    "pointer_color_menu_item_hover": "globals\/colors?id=307cef1",
                                    "color_menu_item_hover": "globals\/colors?id=307cef1"
                                },
                                "pointer_width": {
                                    "unit": "px",
                                    "size": "0",
                                    "sizes": []
                                }
                            },
                            "elements": [],
                            "isInner": false,
                            "widgetType": "nav-menu",
                            "elType": "widget"
                        }
                    ],
                    "isInner": "",
                    "elType": "column"
                },
                {
                    "id": "72642852",
                    "settings": {
                        "_column_size": "20",
                        "_inline_size_tablet": "50",
                        "_inline_size": "24.308"
                    },
                    "elements": [
                        {
                            "id": "6e96c2e3",
                            "settings": {
                                "title": "Newsletter",
                                "header_size": "h5",
                                "_margin": {
                                    "unit": "px",
                                    "top": "0",
                                    "right": "0",
                                    "bottom": "0",
                                    "left": "0",
                                    "isLinked": ""
                                },
                                "__globals__": {
                                    "typography_typography": "globals\/typography?id=primary"
                                }
                            },
                            "elements": [],
                            "isInner": false,
                            "widgetType": "heading",
                            "elType": "widget"
                        },
                        {
                            "id": "495dce2b",
                            "settings": {
                                "editor": "<p>Sign up here to get the latest news, updates and special offers delivered to your inbox.<\/p>",
                                "_margin": {
                                    "unit": "px",
                                    "top": "-3",
                                    "right": "0",
                                    "bottom": "0",
                                    "left": "0",
                                    "isLinked": ""
                                },
                                "__globals__": {
                                    "typography_typography": "",
                                    "text_color": "globals\/colors?id=text"
                                },
                                "text_color": "#646464",
                                "typography_typography": "custom",
                                "typography_font_family": "Roboto",
                                "typography_font_weight": "400"
                            },
                            "elements": [],
                            "isInner": false,
                            "widgetType": "text-editor",
                            "elType": "widget"
                        },
                        {
                            "id": "6b14cad2",
                            "settings": {
                                "form_name": "New Form",
                                "form_fields": [
                                    {
                                        "custom_id": "email",
                                        "field_type": "email",
                                        "required": "true",
                                        "placeholder": "mail@address.com",
                                        "_id": "861e256"
                                    }
                                ],
                                "button_width": "20",
                                "step_next_label": "Next",
                                "step_previous_label": "Previous",
                                "button_text": "Subscribe",
                                "email_content": "[all-fields]",
                                "email_content_2": "[all-fields]",
                                "success_message": "The form was sent successfully.",
                                "error_message": "An error occurred.",
                                "required_field_message": "This field is required.",
                                "invalid_message": "There's something wrong. The form is invalid.",
                                "button_text_padding": {
                                    "unit": "px",
                                    "top": "0",
                                    "right": "0",
                                    "bottom": "0",
                                    "left": "0",
                                    "isLinked": ""
                                },
                                "selected_button_icon": {
                                    "value": "fas fa-long-arrow-alt-right",
                                    "library": "fa-solid"
                                },
                                "button_icon_align": "right",
                                "button_icon_indent": {
                                    "unit": "px",
                                    "size": "12",
                                    "sizes": []
                                },
                                "row_gap": {
                                    "unit": "px",
                                    "size": "24",
                                    "sizes": []
                                },
                                "field_background_color": "#FFFFFF00",
                                "field_border_width": {
                                    "unit": "px",
                                    "top": "0",
                                    "right": "0",
                                    "bottom": "03",
                                    "left": "0",
                                    "isLinked": ""
                                },
                                "button_border_border": "solid",
                                "button_border_width": {
                                    "unit": "px",
                                    "top": "0",
                                    "right": "0",
                                    "bottom": "03",
                                    "left": "0",
                                    "isLinked": ""
                                },
                                "button_background_color": "#2A563100",
                                "button_border_radius": {
                                    "unit": "px",
                                    "top": "0",
                                    "right": "0",
                                    "bottom": "0",
                                    "left": "0",
                                    "isLinked": ""
                                },
                                "__globals__": {
                                    "button_text_color": "",
                                    "button_border_color": "globals\/colors?id=text",
                                    "field_border_color": "globals\/colors?id=secondary",
                                    "previous_button_border_color": "globals\/colors?id=text",
                                    "previous_button_border_color_hover": "",
                                    "button_hover_border_color": "globals\/colors?id=243079a",
                                    "button_typography_typography": "",
                                    "button_hover_color": "globals\/colors?id=243079a"
                                },
                                "button_text_color": "#4C4C4C",
                                "button_border_color": "#747474",
                                "previous_button_text_color": "",
                                "button_typography_typography": "custom",
                                "button_typography_font_family": "Roboto",
                                "button_typography_font_size": {
                                    "unit": "px",
                                    "size": "16",
                                    "sizes": []
                                },
                                "button_typography_font_weight": "bold",
                                "button_typography_line_height": {
                                    "unit": "px",
                                    "size": "22",
                                    "sizes": []
                                },
                                "previous_button_background_color": "#2A563100",
                                "previous_button_border_color": "#747474",
                                "button_hover_border_color": "#FFFFFF",
                                "previous_button_text_color_hover": ""
                            },
                            "elements": [],
                            "isInner": false,
                            "widgetType": "form",
                            "elType": "widget"
                        }
                    ],
                    "isInner": "",
                    "elType": "column"
                }
            ],
            "isInner": "",
            "elType": "section"
        },
        {
            "id": "50eefc37",
            "settings": {
                "gap": "wide",
                "structure": "20",
                "background_background": "classic",
                "border_width": {
                    "unit": "px",
                    "top": "1",
                    "right": "0",
                    "bottom": "0",
                    "left": "0",
                    "isLinked": ""
                },
                "padding": {
                    "unit": "px",
                    "top": "20",
                    "right": "0",
                    "bottom": "20",
                    "left": "0",
                    "isLinked": ""
                },
                "__globals__": {
                    "background_color": "globals\/colors?id=227d258",
                    "border_color": "globals\/colors?id=cbcc128"
                },
                "margin_mobile": {
                    "unit": "px",
                    "top": "-20",
                    "right": "0",
                    "bottom": "0",
                    "left": "0",
                    "isLinked": ""
                }
            },
            "elements": [
                {
                    "id": "5a0b7609",
                    "settings": {
                        "_column_size": "50",
                        "content_position": "center",
                        "margin_mobile": {
                            "unit": "px",
                            "top": "0",
                            "right": "0",
                            "bottom": "-20",
                            "left": "0",
                            "isLinked": ""
                        }
                    },
                    "elements": [
                        {
                            "id": "8114fca",
                            "settings": {
                                "editor": "<p>\u00a9 2020 Energetic Themes \u2022 All Rights Reserved<\/p>",
                                "typography_typography": "custom",
                                "typography_font_family": "Roboto",
                                "typography_font_size": {
                                    "unit": "px",
                                    "size": "14",
                                    "sizes": []
                                },
                                "typography_font_weight": "400",
                                "typography_line_height": {
                                    "unit": "px",
                                    "size": "32",
                                    "sizes": []
                                },
                                "_margin": {
                                    "unit": "px",
                                    "top": "0",
                                    "right": "0",
                                    "bottom": "-20",
                                    "left": "0",
                                    "isLinked": ""
                                },
                                "__globals__": {
                                    "text_color": "globals\/colors?id=text",
                                    "typography_typography": ""
                                },
                                "align_mobile": "center"
                            },
                            "elements": [],
                            "isInner": false,
                            "widgetType": "text-editor",
                            "elType": "widget"
                        }
                    ],
                    "isInner": "",
                    "elType": "column"
                },
                {
                    "id": "731e62e6",
                    "settings": {
                        "_column_size": "50",
                        "margin_mobile": {
                            "unit": "px",
                            "top": "0",
                            "right": "0",
                            "bottom": "-20",
                            "left": "0",
                            "isLinked": ""
                        }
                    },
                    "elements": [
                        {
                            "id": "2cbbcc7d",
                            "settings": {
                                "social_icon_list": [
                                    {
                                        "social_icon": {
                                            "value": "fab fa-facebook",
                                            "library": "fa-brands"
                                        },
                                        "_id": "d6f2f83"
                                    },
                                    {
                                        "social_icon": {
                                            "value": "fab fa-instagram",
                                            "library": "fa-brands"
                                        },
                                        "_id": "03daf21"
                                    },
                                    {
                                        "social_icon": {
                                            "value": "fab fa-twitter",
                                            "library": "fa-brands"
                                        },
                                        "_id": "df867ae"
                                    },
                                    {
                                        "social_icon": {
                                            "value": "fab fa-linkedin",
                                            "library": "fa-brands"
                                        },
                                        "_id": "bf81236"
                                    }
                                ],
                                "shape": "circle",
                                "align": "right",
                                "align_mobile": "center",
                                "icon_color": "custom",
                                "icon_primary_color": "#FFFFFF00",
                                "icon_size": {
                                    "unit": "px",
                                    "size": "18",
                                    "sizes": []
                                },
                                "icon_padding": {
                                    "unit": "em",
                                    "size": "0.8",
                                    "sizes": []
                                },
                                "icon_spacing": {
                                    "unit": "px",
                                    "size": "11",
                                    "sizes": []
                                },
                                "image_border_width": {
                                    "unit": "px",
                                    "top": "01",
                                    "right": "01",
                                    "bottom": "01",
                                    "left": "01",
                                    "isLinked": "1"
                                },
                                "__globals__": {
                                    "icon_secondary_color": "globals\/colors?id=secondary",
                                    "icon_primary_color": "",
                                    "image_border_color": "",
                                    "hover_secondary_color": "globals\/colors?id=307cef1"
                                },
                                "icon_secondary_color": "#646464",
                                "hover_secondary_color": "#88553A"
                            },
                            "elements": [],
                            "isInner": false,
                            "widgetType": "social-icons",
                            "elType": "widget"
                        }
                    ],
                    "isInner": "",
                    "elType": "column"
                }
            ],
            "isInner": "",
            "elType": "section"
        }
    ]
}