{
    "version": "0.4",
    "title": "Global Kit Styles",
    "type": "section",
    "metadata": {
        "template_type": "global-styles",
        "include_in_zip": "1",
        "elementor_pro_required": "1",
        "additional_template_information": [
            "These are the global theme styles configured through the Elementor Theme Styles area."
        ],
        "wp_page_template": "default"
    },
    "content": [],
    "page_settings": {
        "system_colors": [
            {
                "_id": "primary",
                "title": "Primary",
                "color": "#141E39"
            },
            {
                "_id": "secondary",
                "title": "Secondary",
                "color": "#646464"
            },
            {
                "_id": "text",
                "title": "Text",
                "color": "#646464"
            },
            {
                "_id": "accent",
                "title": "Accent",
                "color": "#837D63"
            }
        ],
        "custom_colors": [
            {
                "_id": "307cef1",
                "title": "Rope",
                "color": "#88553A"
            },
            {
                "_id": "4d023ff",
                "title": "Sazerac",
                "color": "#F1DFCB"
            },
            {
                "_id": "023e649",
                "title": "Ronchi",
                "color": "#E3B249"
            },
            {
                "_id": "63d57a5",
                "title": "Black",
                "color": "#000000"
            },
            {
                "_id": "a4d03f8",
                "title": "White Smoke",
                "color": "#F4F4F4"
            },
            {
                "_id": "10bbf31",
                "title": "White",
                "color": "#FFFFFF"
            },
            {
                "_id": "cd6dc3a",
                "title": "Swirl",
                "color": "#D5CBBF"
            },
            {
                "_id": "227d258",
                "title": "Stark White",
                "color": "#CFC5B8"
            },
            {
                "_id": "5009daf",
                "title": "Cyprus",
                "color": "#074B3F"
            },
            {
                "_id": "71786a0",
                "title": "Blanc",
                "color": "#D9CFC2"
            },
            {
                "_id": "95dbb1f",
                "title": "Grain Brown",
                "color": "#C8B6A1"
            }
        ],
        "system_typography": [
            {
                "_id": "primary",
                "title": "Primary",
                "typography_typography": "custom",
                "typography_font_family": "Playfair Display",
                "typography_font_weight": "400"
            },
            {
                "_id": "secondary",
                "title": "Secondary",
                "typography_typography": "custom",
                "typography_font_family": "Roboto",
                "typography_font_weight": "400",
                "typography_font_size": {
                    "unit": "px",
                    "size": "20",
                    "sizes": []
                },
                "typography_line_height": {
                    "unit": "em",
                    "size": "1.6",
                    "sizes": []
                }
            },
            {
                "_id": "text",
                "title": "Text",
                "typography_typography": "custom",
                "typography_font_family": "Roboto",
                "typography_font_weight": "400",
                "typography_font_size": {
                    "unit": "px",
                    "size": "16",
                    "sizes": []
                },
                "typography_line_height": {
                    "unit": "em",
                    "size": "1.75",
                    "sizes": []
                }
            },
            {
                "_id": "accent",
                "title": "Accent",
                "typography_typography": "custom",
                "typography_font_family": "Roboto",
                "typography_font_weight": "bold",
                "typography_font_size": {
                    "unit": "px",
                    "size": "16",
                    "sizes": []
                },
                "typography_line_height": {
                    "unit": "em",
                    "size": "1.4",
                    "sizes": []
                }
            }
        ],
        "custom_typography": [
            {
                "typography_typography": "custom",
                "typography_font_family": "Playfair Display",
                "typography_font_size": {
                    "unit": "px",
                    "size": "16",
                    "sizes": []
                },
                "typography_font_weight": "bold",
                "typography_text_transform": "uppercase",
                "typography_line_height": {
                    "unit": "em",
                    "size": "1.25",
                    "sizes": []
                },
                "typography_letter_spacing": {
                    "unit": "px",
                    "size": "2.2",
                    "sizes": []
                },
                "_id": "0738e5a",
                "title": "Heading Tagline"
            },
            {
                "_id": "6c6f551",
                "title": "Heor Heading",
                "typography_typography": "custom",
                "typography_font_family": "Playfair Display",
                "typography_font_size": {
                    "unit": "px",
                    "size": "45",
                    "sizes": []
                },
                "typography_font_weight": "500",
                "typography_line_height": {
                    "unit": "em",
                    "size": "1.2222222222222",
                    "sizes": []
                }
            },
            {
                "typography_typography": "custom",
                "_id": "2161da6",
                "title": "playfair display text",
                "typography_font_family": "Playfair Display",
                "typography_font_size": {
                    "unit": "px",
                    "size": "16",
                    "sizes": []
                },
                "typography_font_style": "italic",
                "typography_line_height": {
                    "unit": "em",
                    "size": "1.75",
                    "sizes": []
                },
                "typography_font_weight": "bold"
            },
            {
                "typography_typography": "custom",
                "typography_font_family": "Playfair Display",
                "typography_font_size": {
                    "unit": "px",
                    "size": "20",
                    "sizes": []
                },
                "typography_font_weight": "500",
                "typography_font_style": "italic",
                "typography_line_height": {
                    "unit": "em",
                    "size": "1.75",
                    "sizes": []
                },
                "_id": "473b0f2",
                "title": "Lead paragraph"
            },
            {
                "typography_typography": "custom",
                "typography_font_family": "Playfair Display",
                "typography_font_size": {
                    "unit": "px",
                    "size": 14,
                    "sizes": []
                },
                "typography_font_weight": "bold",
                "typography_text_transform": "uppercase",
                "typography_line_height": {
                    "unit": "em",
                    "size": "1.25",
                    "sizes": []
                },
                "typography_letter_spacing": {
                    "unit": "px",
                    "size": "2.2",
                    "sizes": []
                },
                "_id": "e3f5d9c",
                "title": "Designation Font"
            },
            {
                "typography_typography": "custom",
                "typography_font_family": "Playfair Display",
                "typography_font_weight": "bold",
                "typography_text_transform": "uppercase",
                "typography_letter_spacing": {
                    "unit": "px",
                    "size": "2.1",
                    "sizes": []
                },
                "_id": "d0fa466",
                "title": "heading h6 bold"
            },
            {
                "typography_typography": "custom",
                "typography_font_family": "Roboto",
                "typography_font_weight": "bold",
                "typography_letter_spacing": {
                    "unit": "px",
                    "size": "2.1",
                    "sizes": []
                },
                "_id": "e6f85a5",
                "title": "h6 font family robotto"
            },
            {
                "typography_typography": "custom",
                "typography_font_family": "Playfair Display",
                "typography_font_size": {
                    "unit": "px",
                    "size": "16",
                    "sizes": []
                },
                "typography_font_weight": "bold",
                "typography_line_height": {
                    "unit": "em",
                    "size": "1.25",
                    "sizes": []
                },
                "_id": "593c0a3",
                "title": "icon title font"
            },
            {
                "typography_typography": "custom",
                "typography_font_family": "Heebo",
                "typography_font_size": {
                    "unit": "px",
                    "size": "16",
                    "sizes": []
                },
                "typography_font_weight": "400",
                "typography_line_height": {
                    "unit": "em",
                    "size": "1.75",
                    "sizes": []
                },
                "_id": "c53603d",
                "title": "paragraph heebo"
            },
            {
                "typography_typography": "custom",
                "typography_font_family": "Playfair Display",
                "typography_font_size": {
                    "unit": "px",
                    "size": 20,
                    "sizes": []
                },
                "typography_font_weight": "bold",
                "typography_line_height": {
                    "unit": "em",
                    "size": 1.75,
                    "sizes": []
                },
                "_id": "94a9b92",
                "title": "heading h5 bold "
            },
            {
                "typography_typography": "custom",
                "typography_font_family": "Playfair Display",
                "typography_font_weight": "bold",
                "_id": "97bf402",
                "title": "h3 heading bold"
            },
            {
                "typography_typography": "custom",
                "typography_font_family": "Roboto",
                "typography_font_size": {
                    "unit": "px",
                    "size": "60",
                    "sizes": []
                },
                "typography_font_weight": "bold",
                "typography_line_height": {
                    "unit": "px",
                    "size": "50",
                    "sizes": []
                },
                "_id": "c11671c",
                "title": "price font 60"
            },
            {
                "typography_typography": "custom",
                "typography_font_family": "Playfair Display",
                "typography_font_size": {
                    "unit": "px",
                    "size": "20",
                    "sizes": []
                },
                "typography_font_weight": "bold",
                "typography_font_style": "italic",
                "typography_line_height": {
                    "unit": "px",
                    "size": "32",
                    "sizes": []
                },
                "_id": "f73926c",
                "title": "price font heading italic"
            },
            {
                "typography_typography": "custom",
                "typography_font_family": "Roboto",
                "typography_font_size": {
                    "unit": "px",
                    "size": 28,
                    "sizes": []
                },
                "typography_font_weight": "bold",
                "typography_line_height": {
                    "unit": "em",
                    "size": 1.2857142857142858094476878250134177505970001220703125,
                    "sizes": []
                },
                "_id": "e9c1763",
                "title": "h3 bold robotto"
            },
            {
                "typography_typography": "custom",
                "typography_font_family": "Roboto",
                "typography_font_size": {
                    "unit": "px",
                    "size": "14",
                    "sizes": []
                },
                "typography_font_weight": "400",
                "_id": "d25b57c",
                "title": "14 font robotto"
            },
            {
                "typography_typography": "custom",
                "typography_font_family": "Playfair Display",
                "typography_font_size": {
                    "unit": "px",
                    "size": "20",
                    "sizes": []
                },
                "typography_font_weight": "500",
                "typography_line_height": {
                    "unit": "em",
                    "size": "1.25",
                    "sizes": []
                },
                "_id": "d712284",
                "title": "h5 medium font"
            },
            {
                "typography_typography": "custom",
                "typography_font_family": "Roboto",
                "typography_font_size": {
                    "unit": "px",
                    "size": 16,
                    "sizes": []
                },
                "typography_font_weight": "bold",
                "typography_text_transform": "uppercase",
                "typography_line_height": {
                    "unit": "em",
                    "size": 1.25,
                    "sizes": []
                },
                "_id": "bb52f29",
                "title": "h6 roboto bold"
            },
            {
                "title": "H1",
                "_id": "1b1b6c0",
                "typography_typography": "custom",
                "typography_font_family": "Playfair Display",
                "typography_font_size": {
                    "unit": "px",
                    "size": "40",
                    "sizes": []
                },
                "typography_font_weight": "500",
                "typography_line_height": {
                    "unit": "em",
                    "size": "1.25",
                    "sizes": []
                }
            },
            {
                "title": "H2",
                "_id": "629fec3",
                "typography_typography": "custom",
                "typography_font_family": "Playfair Display",
                "typography_font_size": {
                    "unit": "px",
                    "size": "32",
                    "sizes": []
                },
                "typography_font_weight": "500",
                "typography_line_height": {
                    "unit": "em",
                    "size": "1.3125",
                    "sizes": []
                }
            },
            {
                "title": "H3",
                "_id": "fd73b30",
                "typography_typography": "custom",
                "typography_font_family": "Playfair Display",
                "typography_font_size": {
                    "unit": "px",
                    "size": "28",
                    "sizes": []
                },
                "typography_font_weight": "500",
                "typography_line_height": {
                    "unit": "em",
                    "size": "1.2857142857143",
                    "sizes": []
                }
            },
            {
                "title": "H4",
                "_id": "17a16d1",
                "typography_typography": "custom",
                "typography_font_family": "Playfair Display",
                "typography_font_size": {
                    "unit": "px",
                    "size": "24",
                    "sizes": []
                },
                "typography_font_weight": "500",
                "typography_line_height": {
                    "unit": "em",
                    "size": "1.25",
                    "sizes": []
                }
            },
            {
                "title": "H5",
                "_id": "3f3f29a",
                "typography_typography": "custom",
                "typography_font_family": "Playfair Display",
                "typography_font_size": {
                    "unit": "px",
                    "size": "20",
                    "sizes": []
                },
                "typography_font_weight": "400",
                "typography_line_height": {
                    "unit": "em",
                    "size": "1.25",
                    "sizes": []
                }
            },
            {
                "title": "H6",
                "_id": "220cb41",
                "typography_typography": "custom",
                "typography_font_family": "Playfair Display",
                "typography_font_size": {
                    "unit": "px",
                    "size": "16",
                    "sizes": []
                },
                "typography_font_weight": "500",
                "typography_line_height": {
                    "unit": "em",
                    "size": "1.25",
                    "sizes": []
                }
            },
            {
                "title": "Body Text",
                "_id": "2755755",
                "typography_typography": "custom",
                "typography_font_family": "Roboto",
                "typography_font_size": {
                    "unit": "px",
                    "size": "16",
                    "sizes": []
                },
                "typography_font_weight": "400",
                "typography_line_height": {
                    "unit": "em",
                    "size": "1.75",
                    "sizes": []
                }
            },
            {
                "typography_typography": "custom",
                "typography_font_family": "Roboto",
                "typography_font_size": {
                    "unit": "px",
                    "size": "16",
                    "sizes": []
                },
                "typography_font_weight": "bold",
                "typography_line_height": {
                    "unit": "em",
                    "size": 1.75,
                    "sizes": []
                },
                "_id": "223ee42",
                "title": "Product Price tag"
            },
            {
                "typography_typography": "custom",
                "typography_font_family": "Roboto",
                "typography_font_size": {
                    "unit": "px",
                    "size": "16",
                    "sizes": []
                },
                "typography_font_weight": "bold",
                "typography_line_height": {
                    "unit": "px",
                    "size": "20",
                    "sizes": []
                },
                "_id": "8174188",
                "title": "Product Button"
            },
            {
                "typography_typography": "custom",
                "typography_font_family": "Roboto",
                "typography_font_size": {
                    "unit": "px",
                    "size": "14",
                    "sizes": []
                },
                "typography_font_weight": "500",
                "_id": "1b1be78",
                "title": "Dropdown Menu"
            }
        ],
        "default_generic_fonts": "Sans-serif",
        "site_name": "JewellryWear",
        "site_description": "Jewellery Store Elementor Template kit",
        "container_width": {
            "unit": "px",
            "size": "1300",
            "sizes": []
        },
        "page_title_selector": "h1.entry-title",
        "activeItemIndex": "1",
        "body_color": "#646464",
        "link_normal_color": "#141E39",
        "h1_color": "#141E39",
        "h2_color": "#141E39",
        "h3_color": "#141E39",
        "h4_color": "#141E39",
        "h5_color": "#141E39",
        "h6_color": "#141E39",
        "__globals__": {
            "body_color": "globals\/colors?id=secondary",
            "body_typography_typography": "globals\/typography?id=2755755",
            "link_normal_color": "",
            "link_normal_typography_typography": "globals\/typography?id=2755755",
            "h1_color": "globals\/colors?id=primary",
            "h2_color": "globals\/colors?id=primary",
            "h3_color": "globals\/colors?id=primary",
            "h4_color": "globals\/colors?id=primary",
            "h5_color": "globals\/colors?id=primary",
            "h6_color": "globals\/colors?id=primary",
            "h1_typography_typography": "globals\/typography?id=1b1b6c0",
            "h2_typography_typography": "globals\/typography?id=629fec3",
            "h3_typography_typography": "globals\/typography?id=fd73b30",
            "h4_typography_typography": "globals\/typography?id=17a16d1",
            "h5_typography_typography": "globals\/typography?id=3f3f29a",
            "h6_typography_typography": "globals\/typography?id=220cb41",
            "button_typography_typography": "",
            "button_text_color": "globals\/colors?id=10bbf31",
            "button_background_color": "globals\/colors?id=accent",
            "button_hover_text_color": "globals\/colors?id=10bbf31",
            "button_border_color": "globals\/colors?id=accent",
            "button_hover_background_color": "globals\/colors?id=307cef1",
            "button_hover_border_color": "globals\/colors?id=307cef1",
            "form_field_background_color": "",
            "form_field_text_color": "globals\/colors?id=text",
            "form_field_typography_typography": ""
        },
        "button_typography_typography": "custom",
        "button_typography_font_family": "Roboto",
        "button_typography_font_size": {
            "unit": "px",
            "size": "16",
            "sizes": []
        },
        "button_typography_font_weight": "bold",
        "button_typography_line_height": {
            "unit": "em",
            "size": "1.4",
            "sizes": []
        },
        "button_border_radius": {
            "unit": "px",
            "top": "30",
            "right": "30",
            "bottom": "30",
            "left": "30",
            "isLinked": "1"
        },
        "button_padding": {
            "unit": "px",
            "top": "15",
            "right": "40",
            "bottom": "15",
            "left": "38",
            "isLinked": ""
        },
        "button_border_border": "solid",
        "button_border_width": {
            "unit": "px",
            "top": "03",
            "right": "03",
            "bottom": "03",
            "left": "03",
            "isLinked": "1"
        },
        "button_hover_border_border": "solid",
        "button_hover_border_width": {
            "unit": "px",
            "top": "03",
            "right": "03",
            "bottom": "03",
            "left": "03",
            "isLinked": "1"
        },
        "button_text_color": "#FFFFFF",
        "button_background_color": "#837D63",
        "button_border_color": "#837D63",
        "button_hover_text_color": "#837D63",
        "button_hover_background_color": "#FFFFFF",
        "button_hover_border_color": "#FFFFFF",
        "form_field_background_color": "#837D6300",
        "form_field_typography_typography": "custom",
        "form_field_typography_font_family": "Roboto",
        "form_field_typography_font_size": {
            "unit": "px",
            "size": "16",
            "sizes": []
        },
        "form_field_typography_font_weight": "400",
        "form_field_typography_line_height": {
            "unit": "em",
            "size": "1.75",
            "sizes": []
        },
        "form_field_text_color": "#646464"
    }
}