{
    "version": "0.4",
    "title": "Header Side area",
    "type": "popup",
    "metadata": {
        "template_type": "section-popup",
        "include_in_zip": "1",
        "elementor_pro_required": "1",
        "elementor_library_type": "popup",
        "elementor_pro_conditions": [
            "include\/general"
        ],
        "additional_template_information": [
            "This is a \"Popup\" template for Elementor Pro.",
            "This template will display on: Entire Site."
        ],
        "wp_page_template": "default"
    },
    "content": [
        {
            "id": "10bbaf79",
            "settings": {
                "_title": "Popup",
                "height": "min-height",
                "custom_height": {
                    "unit": "vh",
                    "size": "100",
                    "sizes": []
                },
                "column_position": "stretch",
                "content_position": "middle",
                "_timestamp_": "v1UHdRZWF3STUyTXh4NmVia2Y5UlRIZz09",
                "background_background": "classic",
                "padding": {
                    "unit": "px",
                    "top": "40",
                    "right": "0",
                    "bottom": "0",
                    "left": "0",
                    "isLinked": ""
                },
                "__globals__": {
                    "background_color": "globals\/colors?id=71786a0"
                }
            },
            "elements": [
                {
                    "id": "2d095169",
                    "settings": {
                        "_column_size": "100",
                        "padding": {
                            "unit": "px",
                            "top": "0",
                            "right": "40",
                            "bottom": "0",
                            "left": "40",
                            "isLinked": ""
                        },
                        "padding_mobile": {
                            "unit": "px",
                            "top": "50",
                            "right": "50",
                            "bottom": "050",
                            "left": "50",
                            "isLinked": ""
                        },
                        "content_position": "top"
                    },
                    "elements": [
                        {
                            "id": "fe869f",
                            "settings": [],
                            "elements": [
                                {
                                    "id": "684219f7",
                                    "settings": {
                                        "_column_size": "100",
                                        "_inline_size_tablet": "100",
                                        "margin_tablet": {
                                            "unit": "px",
                                            "top": "40",
                                            "right": "0",
                                            "bottom": "0",
                                            "left": "0",
                                            "isLinked": ""
                                        },
                                        "padding": {
                                            "unit": "px",
                                            "top": "0",
                                            "right": "0",
                                            "bottom": "0",
                                            "left": "0",
                                            "isLinked": ""
                                        }
                                    },
                                    "elements": [
                                        {
                                            "id": "e5536fe",
                                            "settings": {
                                                "image": {
                                                    "url": "https:\/\/energeticthemes.com\/wp-templates\/jewear\/wp-content\/uploads\/sites\/16\/2021\/02\/kate-hliznitsova-vbnxgxj6cJg-unsplash-1028x1536-2.jpg",
                                                    "id": 2462
                                                },
                                                "width": {
                                                    "unit": "%",
                                                    "size": "100",
                                                    "sizes": []
                                                },
                                                "space": {
                                                    "unit": "%",
                                                    "size": "100",
                                                    "sizes": []
                                                },
                                                "height": {
                                                    "unit": "px",
                                                    "size": "300",
                                                    "sizes": []
                                                },
                                                "object-fit": "cover",
                                                "image_border_color": "#02010100",
                                                "image_border_radius": {
                                                    "unit": "px",
                                                    "top": "204",
                                                    "right": "204",
                                                    "bottom": "0",
                                                    "left": "0",
                                                    "isLinked": ""
                                                },
                                                "height_tablet": {
                                                    "unit": "px",
                                                    "size": "700",
                                                    "sizes": []
                                                },
                                                "image_border_radius_tablet": {
                                                    "unit": "px",
                                                    "top": "280",
                                                    "right": "280",
                                                    "bottom": "280",
                                                    "left": "280",
                                                    "isLinked": "1"
                                                },
                                                "height_mobile": {
                                                    "unit": "px",
                                                    "size": "420",
                                                    "sizes": []
                                                }
                                            },
                                            "elements": [],
                                            "isInner": false,
                                            "widgetType": "image",
                                            "elType": "widget"
                                        },
                                        {
                                            "id": "4f0fe072",
                                            "settings": {
                                                "align": "left",
                                                "editor": "<p>Per conubia nostra, per inceptos hime Mauris in erat justom etone. Per conub per inceptos hime naeos.<\/p>",
                                                "text_color": "#141E39",
                                                "typography_typography": "custom",
                                                "typography_font_family": "Roboto",
                                                "typography_font_size": {
                                                    "unit": "px",
                                                    "size": "16",
                                                    "sizes": []
                                                },
                                                "typography_font_weight": "400",
                                                "align_tablet": "left",
                                                "align_mobile": "left",
                                                "typography_line_height": {
                                                    "unit": "em",
                                                    "size": "1.75",
                                                    "sizes": []
                                                },
                                                "__globals__": {
                                                    "text_color": "globals\/colors?id=primary",
                                                    "typography_typography": ""
                                                }
                                            },
                                            "elements": [],
                                            "isInner": false,
                                            "widgetType": "text-editor",
                                            "elType": "widget"
                                        },
                                        {
                                            "id": "7ae3a727",
                                            "settings": {
                                                "text": "Divider",
                                                "__globals__": {
                                                    "color": "globals\/colors?id=307cef1"
                                                },
                                                "style": "dotted",
                                                "_margin": {
                                                    "unit": "px",
                                                    "top": "-10",
                                                    "right": "0",
                                                    "bottom": "0",
                                                    "left": "0",
                                                    "isLinked": false
                                                }
                                            },
                                            "elements": [],
                                            "isInner": false,
                                            "widgetType": "divider",
                                            "elType": "widget"
                                        },
                                        {
                                            "id": "1cdc21f2",
                                            "settings": {
                                                "title": "Our London Shop",
                                                "header_size": "h5",
                                                "align": "left",
                                                "align_tablet": "center",
                                                "__globals__": {
                                                    "title_color": "globals\/colors?id=307cef1"
                                                }
                                            },
                                            "elements": [],
                                            "isInner": false,
                                            "widgetType": "heading",
                                            "elType": "widget"
                                        },
                                        {
                                            "id": "7a4a5636",
                                            "settings": {
                                                "editor": "<p>9235 Bayberry Drive<br \/>Hendersonville, NC 28792<\/p>",
                                                "align_tablet": "center",
                                                "_margin": {
                                                    "unit": "px",
                                                    "top": "0",
                                                    "right": "0",
                                                    "bottom": "-24",
                                                    "left": "0",
                                                    "isLinked": ""
                                                },
                                                "__globals__": {
                                                    "typography_typography": "",
                                                    "text_color": "globals\/colors?id=text"
                                                },
                                                "text_color": "#646464",
                                                "typography_typography": "custom",
                                                "typography_font_family": "Roboto",
                                                "typography_font_size": {
                                                    "unit": "px",
                                                    "size": "16",
                                                    "sizes": []
                                                },
                                                "typography_font_weight": "400",
                                                "typography_line_height": {
                                                    "unit": "em",
                                                    "size": "1.75",
                                                    "sizes": []
                                                }
                                            },
                                            "elements": [],
                                            "isInner": false,
                                            "widgetType": "text-editor",
                                            "elType": "widget"
                                        },
                                        {
                                            "id": "6c68ffcb",
                                            "settings": {
                                                "editor": "<p>london@email.com\u200b<br \/>+51853 458 243<\/p>",
                                                "align_tablet": "center",
                                                "text_color": "#646464",
                                                "typography_typography": "custom",
                                                "typography_font_family": "Roboto",
                                                "typography_font_size": {
                                                    "unit": "px",
                                                    "size": "16",
                                                    "sizes": []
                                                },
                                                "typography_font_weight": "400",
                                                "typography_line_height": {
                                                    "unit": "em",
                                                    "size": "1.75",
                                                    "sizes": []
                                                },
                                                "_margin": {
                                                    "unit": "px",
                                                    "top": "0",
                                                    "right": "0",
                                                    "bottom": "-24",
                                                    "left": "0",
                                                    "isLinked": ""
                                                },
                                                "__globals__": {
                                                    "typography_typography": "",
                                                    "text_color": "globals\/colors?id=text"
                                                }
                                            },
                                            "elements": [],
                                            "isInner": false,
                                            "widgetType": "text-editor",
                                            "elType": "widget"
                                        }
                                    ],
                                    "isInner": "1",
                                    "elType": "column"
                                }
                            ],
                            "isInner": "1",
                            "elType": "section"
                        }
                    ],
                    "isInner": "",
                    "elType": "column"
                }
            ],
            "isInner": "",
            "elType": "section"
        }
    ],
    "page_settings": {
        "width": {
            "unit": "px",
            "size": "400",
            "sizes": []
        },
        "height_type": "fit_to_screen",
        "height": {
            "unit": "vh",
            "size": "100",
            "sizes": []
        },
        "height_mobile": {
            "unit": "vh",
            "size": "100",
            "sizes": []
        },
        "horizontal_position": "right",
        "horizontal_position_mobile": "center",
        "vertical_position_mobile": "center",
        "entrance_animation": "fadeInRight",
        "exit_animation": "fadeInRight",
        "background_background": "classic",
        "background_color": "#16163f",
        "close_button_vertical": {
            "unit": "%",
            "size": "3.3",
            "sizes": []
        },
        "close_button_horizontal": {
            "unit": "%",
            "size": "6.6",
            "sizes": []
        },
        "close_button_color": "#ffffff",
        "icon_size": {
            "unit": "px",
            "size": "18",
            "sizes": []
        }
    }
}