{
    "version": "0.4",
    "title": "Header",
    "type": "header",
    "metadata": {
        "template_type": "section-header",
        "include_in_zip": "1",
        "elementor_pro_required": "1",
        "elementor_library_type": "header",
        "elementor_pro_conditions": [
            "include\/general"
        ],
        "additional_template_information": [
            "This is a \"Header\" template for Elementor Pro.",
            "This template will display on: Entire Site."
        ],
        "wp_page_template": "default"
    },
    "content": [
        {
            "id": "7a83c06",
            "settings": {
                "background_background": "classic",
                "padding_tablet": {
                    "unit": "px",
                    "top": "10",
                    "right": "0",
                    "bottom": "10",
                    "left": "0",
                    "isLinked": ""
                },
                "__globals__": {
                    "background_color": "globals\/colors?id=227d258"
                }
            },
            "elements": [
                {
                    "id": "388e5e9f",
                    "settings": {
                        "_column_size": "100"
                    },
                    "elements": [
                        {
                            "id": "595bc4e4",
                            "settings": {
                                "editor": "<p>Black Friday | Hundreds of brands, up to 50% off!<\/p>",
                                "align": "center",
                                "typography_typography": "custom",
                                "typography_font_family": "Heebo",
                                "typography_font_size": {
                                    "unit": "px",
                                    "size": "14",
                                    "sizes": []
                                },
                                "typography_font_weight": "400",
                                "typography_line_height": {
                                    "unit": "px",
                                    "size": "28",
                                    "sizes": []
                                },
                                "_margin": {
                                    "unit": "px",
                                    "top": "-03",
                                    "right": "0",
                                    "bottom": "-18",
                                    "left": "0",
                                    "isLinked": ""
                                },
                                "__globals__": {
                                    "text_color": "globals\/colors?id=1022941"
                                }
                            },
                            "elements": [],
                            "isInner": false,
                            "widgetType": "text-editor",
                            "elType": "widget"
                        }
                    ],
                    "isInner": "",
                    "elType": "column"
                }
            ],
            "isInner": "",
            "elType": "section"
        },
        {
            "id": "6026e92d",
            "settings": {
                "layout": "full_width",
                "structure": "34",
                "height": "min-height",
                "custom_height": {
                    "unit": "px",
                    "size": "100",
                    "sizes": []
                },
                "__globals__": {
                    "background_color": "globals\/colors?id=cd6dc3a"
                },
                "padding": {
                    "unit": "px",
                    "top": "0",
                    "right": "70",
                    "bottom": "0",
                    "left": "70",
                    "isLinked": ""
                },
                "padding_tablet": {
                    "unit": "px",
                    "top": "0",
                    "right": "20",
                    "bottom": "0",
                    "left": "20",
                    "isLinked": ""
                },
                "background_background": "classic"
            },
            "elements": [
                {
                    "id": "4b9cc564",
                    "settings": {
                        "_column_size": "16",
                        "content_position": "center",
                        "_inline_size_tablet": "50",
                        "_inline_size_mobile": "50"
                    },
                    "elements": [
                        {
                            "id": "42d18f6f",
                            "settings": {
                                "__dynamic__": {
                                    "image": "[elementor-tag id=\"\" name=\"site-logo\" settings=\"%7B%7D\"]",
                                    "link": "[elementor-tag id=\"\" name=\"site-url\" settings=\"%7B%7D\"]"
                                },
                                "align": "left",
                                "align_tablet": "left",
                                "image": {
                                    "url": "https:\/\/energeticthemes.com\/wp-templates\/malle\/wp-content\/plugins\/elementor\/assets\/images\/placeholder.png",
                                    "id": ""
                                },
                                "width": {
                                    "unit": "px",
                                    "size": 195,
                                    "sizes": []
                                },
                                "space": {
                                    "unit": "px",
                                    "size": 195,
                                    "sizes": []
                                },
                                "height": {
                                    "unit": "px",
                                    "size": 43,
                                    "sizes": []
                                },
                                "_margin": {
                                    "unit": "px",
                                    "top": "0",
                                    "right": "0",
                                    "bottom": "0",
                                    "left": "-12",
                                    "isLinked": ""
                                }
                            },
                            "elements": [],
                            "isInner": false,
                            "widgetType": "theme-site-logo",
                            "elType": "widget"
                        }
                    ],
                    "isInner": "",
                    "elType": "column"
                },
                {
                    "id": "60c8dfaa",
                    "settings": {
                        "_column_size": "66",
                        "content_position": "center",
                        "_inline_size_tablet": "50",
                        "_inline_size_mobile": "50",
                        "content_position_tablet": "center"
                    },
                    "elements": [
                        {
                            "id": "11731dc7",
                            "settings": {
                                "pointer_width": {
                                    "unit": "px",
                                    "size": "2",
                                    "sizes": []
                                },
                                "padding_horizontal_menu_item": {
                                    "unit": "px",
                                    "size": "0",
                                    "sizes": []
                                },
                                "menu_space_between": {
                                    "unit": "px",
                                    "size": "50",
                                    "sizes": []
                                },
                                "__globals__": {
                                    "color_menu_item": "globals\/colors?id=primary",
                                    "color_menu_item_hover": "globals\/colors?id=primary",
                                    "pointer_color_menu_item_hover": "globals\/colors?id=307cef1",
                                    "color_menu_item_active": "globals\/colors?id=primary",
                                    "pointer_color_menu_item_active": "",
                                    "background_color_dropdown_item": "globals\/colors?id=95dbb1f",
                                    "background_color_dropdown_item_hover": "globals\/colors?id=307cef1",
                                    "color_dropdown_item_hover": "",
                                    "color_dropdown_item": "globals\/colors?id=primary",
                                    "background_color_dropdown_item_active": "globals\/colors?id=accent",
                                    "color_dropdown_item_active": "globals\/colors?id=10bbf31",
                                    "toggle_color": "globals\/colors?id=primary",
                                    "toggle_background_color": "globals\/colors?id=227d258",
                                    "menu_typography_typography": "globals\/typography?id=primary",
                                    "toggle_color_hover": "globals\/colors?id=307cef1",
                                    "toggle_background_color_hover": "globals\/colors?id=cd6dc3a",
                                    "dropdown_typography_typography": "globals\/typography?id=1b1be78"
                                },
                                "align_items": "center",
                                "toggle_align": "right",
                                "full_width": "stretch",
                                "padding_horizontal_dropdown_item_mobile": {
                                    "unit": "px",
                                    "size": "34",
                                    "sizes": []
                                },
                                "padding_vertical_menu_item": {
                                    "unit": "px",
                                    "size": "8",
                                    "sizes": []
                                },
                                "padding_vertical_dropdown_item": {
                                    "unit": "px",
                                    "size": "10",
                                    "sizes": []
                                },
                                "dropdown_top_distance": {
                                    "unit": "px",
                                    "size": "6",
                                    "sizes": []
                                },
                                "menu_typography_typography": "custom",
                                "menu_typography_font_family": "Playfair Display",
                                "menu_typography_font_weight": "400",
                                "menu_typography_line_height": {
                                    "unit": "em",
                                    "size": "1.75",
                                    "sizes": []
                                },
                                "color_menu_item": "#141E39",
                                "color_menu_item_hover": "#141E39",
                                "color_menu_item_active": "#141E39",
                                "color_dropdown_item_hover": "#FFFFFF",
                                "dropdown_typography_line_height": {
                                    "unit": "px",
                                    "size": "28",
                                    "sizes": []
                                },
                                "toggle_border_width_tablet": {
                                    "unit": "px",
                                    "size": "-1",
                                    "sizes": []
                                },
                                "toggle_border_radius_tablet": {
                                    "unit": "px",
                                    "size": "0",
                                    "sizes": []
                                },
                                "_z_index": "8",
                                "pointer_color_menu_item_active": "#88553A",
                                "color_dropdown_item": "#141E39",
                                "background_color_dropdown_item": "#C8B6A1",
                                "background_color_dropdown_item_hover": "#88553A",
                                "color_dropdown_item_active": "#FFFFFF",
                                "background_color_dropdown_item_active": "#837D63",
                                "toggle_color": "#141E39",
                                "toggle_background_color": "#CFC5B8",
                                "toggle_color_hover": "#88553A",
                                "toggle_background_color_hover": "#D5CBBF",
                                "padding_horizontal_dropdown_item": {
                                    "unit": "px",
                                    "size": 25,
                                    "sizes": []
                                }
                            },
                            "elements": [],
                            "isInner": false,
                            "widgetType": "nav-menu",
                            "elType": "widget"
                        }
                    ],
                    "isInner": "",
                    "elType": "column"
                },
                {
                    "id": "66c6dec3",
                    "settings": {
                        "_column_size": "16",
                        "align": "flex-end",
                        "_inline_size_mobile": "100",
                        "margin_mobile": {
                            "unit": "px",
                            "top": "0",
                            "right": "0",
                            "bottom": "10",
                            "left": "0",
                            "isLinked": ""
                        },
                        "hide_mobile": "hidden-phone",
                        "content_position": "center",
                        "_inline_size_tablet": "100",
                        "hide_tablet": "hidden-tablet"
                    },
                    "elements": [
                        {
                            "id": "527bc8ea",
                            "settings": {
                                "selected_icon": {
                                    "value": "fas fa-user-alt",
                                    "library": "fa-solid"
                                },
                                "size": {
                                    "unit": "px",
                                    "size": "17",
                                    "sizes": []
                                },
                                "link": {
                                    "url": "#",
                                    "is_external": "",
                                    "nofollow": ""
                                },
                                "__dynamic__": [],
                                "align": "left",
                                "_element_width": "auto",
                                "_margin": {
                                    "unit": "px",
                                    "top": "7",
                                    "right": "38",
                                    "bottom": "0",
                                    "left": "0",
                                    "isLinked": ""
                                },
                                "__globals__": {
                                    "primary_color": "globals\/colors?id=primary"
                                }
                            },
                            "elements": [],
                            "isInner": false,
                            "widgetType": "icon",
                            "elType": "widget"
                        },
                        {
                            "id": "6d0036a",
                            "settings": {
                                "skin": "full_screen",
                                "placeholder": "Search...",
                                "button_text": "Search",
                                "toggle_align": "right",
                                "toggle_size": {
                                    "unit": "px",
                                    "size": "17",
                                    "sizes": []
                                },
                                "border_radius": {
                                    "unit": "px",
                                    "size": "0",
                                    "sizes": []
                                },
                                "toggle_background_color": "#FFFFFF00",
                                "toggle_icon_size": {
                                    "unit": "px",
                                    "size": "100",
                                    "sizes": []
                                },
                                "_margin": {
                                    "unit": "px",
                                    "top": "0",
                                    "right": "38",
                                    "bottom": "0",
                                    "left": "0",
                                    "isLinked": ""
                                },
                                "_element_width": "auto",
                                "toggle_color": "#2F4455",
                                "__globals__": {
                                    "input_text_color": "globals\/colors?id=4d023ff",
                                    "input_typography_typography": "globals\/typography?id=text",
                                    "overlay_background_color": "",
                                    "input_border_color": "globals\/colors?id=cd6dc3a"
                                },
                                "overlay_background_color": "#241F18B8",
                                "input_typography_typography": "custom",
                                "input_typography_font_family": "Roboto",
                                "input_typography_font_weight": "400",
                                "input_text_color": "#FFFFFF",
                                "input_border_color": "#D5CBBF",
                                "input_typography_font_size": {
                                    "unit": "px",
                                    "size": 1,
                                    "sizes": []
                                }
                            },
                            "elements": [],
                            "isInner": false,
                            "widgetType": "search-form",
                            "elType": "widget"
                        },
                        {
                            "id": "558c2e90",
                            "settings": {
                                "selected_icon": {
                                    "value": "fas fa-bars",
                                    "library": "fa-solid"
                                },
                                "link": {
                                    "url": "#",
                                    "is_external": "",
                                    "nofollow": "",
                                    "custom_attributes": ""
                                },
                                "size": {
                                    "unit": "px",
                                    "size": "17",
                                    "sizes": []
                                },
                                "_margin": {
                                    "unit": "px",
                                    "top": "7",
                                    "right": "0",
                                    "bottom": "0",
                                    "left": "0",
                                    "isLinked": ""
                                },
                                "_element_width": "auto",
                                "__dynamic__": {
                                    "link": "[elementor-tag id=\"c214f9b\" name=\"popup\" settings=\"%7B%22action%22%3A%22toggle%22%2C%22popup%22%3A%223123%22%7D\"]"
                                }
                            },
                            "elements": [],
                            "isInner": false,
                            "widgetType": "icon",
                            "elType": "widget"
                        }
                    ],
                    "isInner": "",
                    "elType": "column"
                }
            ],
            "isInner": "",
            "elType": "section"
        }
    ]
}