{
    "version": "0.4",
    "title": "Portfolio Three Col",
    "type": "page",
    "metadata": {
        "template_type": "single-page",
        "include_in_zip": "1",
        "elementor_pro_required": null,
        "wp_page_template": "elementor_header_footer"
    },
    "content": [
        {
            "id": "1b5d7ded",
            "settings": {
                "gap": "wide",
                "background_background": "classic",
                "padding": {
                    "unit": "px",
                    "top": "80",
                    "right": "0",
                    "bottom": "60",
                    "left": "0",
                    "isLinked": ""
                },
                "padding_tablet": {
                    "unit": "px",
                    "top": "60",
                    "right": "0",
                    "bottom": "60",
                    "left": "0",
                    "isLinked": ""
                },
                "padding_mobile": {
                    "unit": "px",
                    "top": "30",
                    "right": "0",
                    "bottom": "20",
                    "left": "0",
                    "isLinked": ""
                },
                "__globals__": {
                    "background_color": "globals\/colors?id=cd6dc3a"
                }
            },
            "elements": [
                {
                    "id": "4e4ac801",
                    "settings": {
                        "_column_size": "100",
                        "margin": {
                            "unit": "%",
                            "top": "0",
                            "right": "24",
                            "bottom": "0",
                            "left": "24",
                            "isLinked": ""
                        },
                        "margin_tablet": {
                            "unit": "px",
                            "top": "0",
                            "right": "0",
                            "bottom": "0",
                            "left": "0",
                            "isLinked": ""
                        },
                        "margin_mobile": {
                            "unit": "px",
                            "top": "0",
                            "right": "0",
                            "bottom": "0",
                            "left": "0",
                            "isLinked": ""
                        }
                    },
                    "elements": [
                        {
                            "id": "73501088",
                            "settings": {
                                "title": "Our",
                                "header_size": "h5",
                                "__globals__": {
                                    "title_color": "globals\/colors?id=307cef1",
                                    "typography_typography": "globals\/typography?id=0738e5a"
                                },
                                "_z_index": "2",
                                "align": "center"
                            },
                            "elements": [],
                            "isInner": false,
                            "widgetType": "heading",
                            "elType": "widget"
                        },
                        {
                            "id": "63fbb9f6",
                            "settings": {
                                "title": "Portfolio Three Col",
                                "header_size": "h1",
                                "_margin": {
                                    "unit": "px",
                                    "top": "-11",
                                    "right": "0",
                                    "bottom": "0",
                                    "left": "0",
                                    "isLinked": ""
                                },
                                "_z_index": "2",
                                "align": "center",
                                "__globals__": {
                                    "typography_typography": "globals\/typography?id=6c6f551"
                                }
                            },
                            "elements": [],
                            "isInner": false,
                            "widgetType": "heading",
                            "elType": "widget"
                        },
                        {
                            "id": "39f4098d",
                            "settings": {
                                "editor": "<p>Vestibulum ante ipsum primis in faucibus orci luctus et ultrices posuere cubilia curae;nulla lacus, fermentum non tellus in, euismod euismod ivamus enim turpis, cursus vitae bibendum et, volutpat quis enim.<\/p>",
                                "_z_index": "2",
                                "align": "center",
                                "_padding": {
                                    "unit": "px",
                                    "top": "0",
                                    "right": "20",
                                    "bottom": "0",
                                    "left": "20",
                                    "isLinked": ""
                                },
                                "_margin": {
                                    "unit": "px",
                                    "top": "0",
                                    "right": "0",
                                    "bottom": "-20",
                                    "left": "0",
                                    "isLinked": ""
                                },
                                "_padding_mobile": {
                                    "unit": "px",
                                    "top": "0",
                                    "right": "0",
                                    "bottom": "0",
                                    "left": "0",
                                    "isLinked": ""
                                }
                            },
                            "elements": [],
                            "isInner": false,
                            "widgetType": "text-editor",
                            "elType": "widget"
                        },
                        {
                            "id": "6acaf7d3",
                            "settings": {
                                "image": {
                                    "url": "https:\/\/energeticthemes.com\/wp-templates\/jewear\/wp-content\/uploads\/sites\/16\/2021\/02\/15.png",
                                    "id": "207"
                                },
                                "width": {
                                    "unit": "px",
                                    "size": "126",
                                    "sizes": []
                                },
                                "space": {
                                    "unit": "px",
                                    "size": "126",
                                    "sizes": []
                                },
                                "height": {
                                    "unit": "px",
                                    "size": "88",
                                    "sizes": []
                                },
                                "opacity": {
                                    "unit": "px",
                                    "size": "0.3",
                                    "sizes": []
                                },
                                "_position": "absolute",
                                "_offset_x": {
                                    "size": "",
                                    "unit": "%"
                                },
                                "_offset_y": {
                                    "size": "11",
                                    "unit": "%"
                                },
                                "_offset_x_mobile": {
                                    "size": "-1.578",
                                    "unit": "px"
                                },
                                "_offset_y_mobile": {
                                    "size": "29.531",
                                    "unit": "px"
                                }
                            },
                            "elements": [],
                            "isInner": false,
                            "widgetType": "image",
                            "elType": "widget"
                        }
                    ],
                    "isInner": "",
                    "elType": "column"
                }
            ],
            "isInner": "",
            "elType": "section"
        },
        {
            "id": "1b5f1b2e",
            "settings": {
                "gap": "wide",
                "structure": "30",
                "background_background": "classic",
                "__globals__": {
                    "background_color": "globals\/colors?id=cd6dc3a"
                }
            },
            "elements": [
                {
                    "id": "5e425aba",
                    "settings": {
                        "_column_size": "33",
                        "_inline_size_tablet": "100"
                    },
                    "elements": [
                        {
                            "id": "645c9f34",
                            "settings": {
                                "image": {
                                    "url": "https:\/\/energeticthemes.com\/wp-templates\/jewear\/wp-content\/uploads\/sites\/16\/2021\/02\/anastasia-anastasia-cTM8psdeOTQ-unsplash.jpg",
                                    "id": "697"
                                },
                                "width": {
                                    "unit": "%",
                                    "size": "100",
                                    "sizes": []
                                },
                                "space": {
                                    "unit": "%",
                                    "size": "100",
                                    "sizes": []
                                },
                                "height": {
                                    "unit": "px",
                                    "size": "408",
                                    "sizes": []
                                },
                                "height_tablet": {
                                    "unit": "px",
                                    "size": "700",
                                    "sizes": []
                                },
                                "height_mobile": {
                                    "unit": "px",
                                    "size": "380",
                                    "sizes": []
                                },
                                "object-fit": "cover",
                                "image_border_radius": {
                                    "unit": "px",
                                    "top": "316",
                                    "right": "316",
                                    "bottom": "0",
                                    "left": "0",
                                    "isLinked": ""
                                }
                            },
                            "elements": [],
                            "isInner": false,
                            "widgetType": "image",
                            "elType": "widget"
                        },
                        {
                            "id": "1db68d5c",
                            "settings": {
                                "title": "Wedding",
                                "align": "center",
                                "_margin": {
                                    "unit": "px",
                                    "top": "21",
                                    "right": "0",
                                    "bottom": "0",
                                    "left": "0",
                                    "isLinked": ""
                                },
                                "__globals__": {
                                    "typography_typography": "globals\/typography?id=0738e5a",
                                    "title_color": "globals\/colors?id=307cef1"
                                }
                            },
                            "elements": [],
                            "isInner": false,
                            "widgetType": "heading",
                            "elType": "widget"
                        },
                        {
                            "id": "4e395aab",
                            "settings": {
                                "title": "Women's Wedding Bands",
                                "header_size": "h4",
                                "align": "center",
                                "_margin": {
                                    "unit": "px",
                                    "top": "-09",
                                    "right": "0",
                                    "bottom": "4",
                                    "left": "0",
                                    "isLinked": ""
                                }
                            },
                            "elements": [],
                            "isInner": false,
                            "widgetType": "heading",
                            "elType": "widget"
                        },
                        {
                            "id": "6a1e281c",
                            "settings": {
                                "editor": "<p>Proin aliquet ut justo vehicula tempus. Praesent vehicula felis auctor lorem aliquet rhoncus. Etiam vitae turpis vitae nibh molestie tincidunt ac vitae nunc.<\/p>",
                                "align": "center"
                            },
                            "elements": [],
                            "isInner": false,
                            "widgetType": "text-editor",
                            "elType": "widget"
                        }
                    ],
                    "isInner": "",
                    "elType": "column"
                },
                {
                    "id": "645e21de",
                    "settings": {
                        "_column_size": "33",
                        "_inline_size_tablet": "100"
                    },
                    "elements": [
                        {
                            "id": "1327551c",
                            "settings": {
                                "image": {
                                    "url": "https:\/\/energeticthemes.com\/wp-templates\/jewear\/wp-content\/uploads\/sites\/16\/2021\/02\/alexandra-lammerink-LV5gOg3c1Kk-unsplash.jpg",
                                    "id": "694"
                                },
                                "width": {
                                    "unit": "%",
                                    "size": "100",
                                    "sizes": []
                                },
                                "space": {
                                    "unit": "%",
                                    "size": "100",
                                    "sizes": []
                                },
                                "height": {
                                    "unit": "px",
                                    "size": "408",
                                    "sizes": []
                                },
                                "height_tablet": {
                                    "unit": "px",
                                    "size": "700",
                                    "sizes": []
                                },
                                "height_mobile": {
                                    "unit": "px",
                                    "size": "380",
                                    "sizes": []
                                },
                                "object-fit": "cover",
                                "image_border_radius": {
                                    "unit": "px",
                                    "top": "316",
                                    "right": "316",
                                    "bottom": "0",
                                    "left": "0",
                                    "isLinked": ""
                                }
                            },
                            "elements": [],
                            "isInner": false,
                            "widgetType": "image",
                            "elType": "widget"
                        },
                        {
                            "id": "62419ab3",
                            "settings": {
                                "title": "Festive",
                                "align": "center",
                                "_margin": {
                                    "unit": "px",
                                    "top": "21",
                                    "right": "0",
                                    "bottom": "0",
                                    "left": "0",
                                    "isLinked": ""
                                },
                                "__globals__": {
                                    "typography_typography": "globals\/typography?id=0738e5a",
                                    "title_color": "globals\/colors?id=307cef1"
                                }
                            },
                            "elements": [],
                            "isInner": false,
                            "widgetType": "heading",
                            "elType": "widget"
                        },
                        {
                            "id": "7e4be8c",
                            "settings": {
                                "title": " Light Weight Jewellery",
                                "header_size": "h4",
                                "align": "center",
                                "_margin": {
                                    "unit": "px",
                                    "top": "-09",
                                    "right": "0",
                                    "bottom": "4",
                                    "left": "0",
                                    "isLinked": ""
                                }
                            },
                            "elements": [],
                            "isInner": false,
                            "widgetType": "heading",
                            "elType": "widget"
                        },
                        {
                            "id": "5c582992",
                            "settings": {
                                "editor": "<p>Proin aliquet ut justo vehicula tempus. Praesent vehicula felis auctor lorem aliquet rhoncus. Etiam vitae turpis vitae nibh molestie tincidunt ac vitae nunc.<\/p>",
                                "align": "center"
                            },
                            "elements": [],
                            "isInner": false,
                            "widgetType": "text-editor",
                            "elType": "widget"
                        }
                    ],
                    "isInner": "",
                    "elType": "column"
                },
                {
                    "id": "763cda7b",
                    "settings": {
                        "_column_size": "33",
                        "_inline_size_tablet": "100"
                    },
                    "elements": [
                        {
                            "id": "404a48b7",
                            "settings": {
                                "image": {
                                    "url": "https:\/\/energeticthemes.com\/wp-templates\/jewear\/wp-content\/uploads\/sites\/16\/2021\/02\/carmen-lopez-GetFBf5lDiw-unsplash.jpg",
                                    "id": "705"
                                },
                                "width": {
                                    "unit": "%",
                                    "size": "100",
                                    "sizes": []
                                },
                                "space": {
                                    "unit": "%",
                                    "size": "100",
                                    "sizes": []
                                },
                                "height": {
                                    "unit": "px",
                                    "size": "408",
                                    "sizes": []
                                },
                                "height_tablet": {
                                    "unit": "px",
                                    "size": "700",
                                    "sizes": []
                                },
                                "height_mobile": {
                                    "unit": "px",
                                    "size": "380",
                                    "sizes": []
                                },
                                "object-fit": "cover",
                                "image_border_radius": {
                                    "unit": "px",
                                    "top": "316",
                                    "right": "316",
                                    "bottom": "0",
                                    "left": "0",
                                    "isLinked": ""
                                }
                            },
                            "elements": [],
                            "isInner": false,
                            "widgetType": "image",
                            "elType": "widget"
                        },
                        {
                            "id": "45336c82",
                            "settings": {
                                "title": "<h2 class=\"elementor-heading-title elementor-size-default elementor-inline-editing pen\" data-elementor-setting-key=\"title\" data-pen-placeholder=\"Type Here...\">JEWELLERY<\/h2>",
                                "align": "center",
                                "_margin": {
                                    "unit": "px",
                                    "top": "21",
                                    "right": "0",
                                    "bottom": "0",
                                    "left": "0",
                                    "isLinked": ""
                                },
                                "__globals__": {
                                    "typography_typography": "globals\/typography?id=0738e5a",
                                    "title_color": "globals\/colors?id=307cef1"
                                }
                            },
                            "elements": [],
                            "isInner": false,
                            "widgetType": "heading",
                            "elType": "widget"
                        },
                        {
                            "id": "536e1ef5",
                            "settings": {
                                "title": "Redesigning Jewellery",
                                "header_size": "h4",
                                "align": "center",
                                "_margin": {
                                    "unit": "px",
                                    "top": "-09",
                                    "right": "0",
                                    "bottom": "4",
                                    "left": "0",
                                    "isLinked": ""
                                }
                            },
                            "elements": [],
                            "isInner": false,
                            "widgetType": "heading",
                            "elType": "widget"
                        },
                        {
                            "id": "47386206",
                            "settings": {
                                "editor": "<p>Proin aliquet ut justo vehicula tempus. Praesent vehicula felis auctor lorem aliquet rhoncus. Etiam vitae turpis vitae nibh molestie tincidunt ac vitae nunc.<\/p>",
                                "align": "center"
                            },
                            "elements": [],
                            "isInner": false,
                            "widgetType": "text-editor",
                            "elType": "widget"
                        }
                    ],
                    "isInner": "",
                    "elType": "column"
                }
            ],
            "isInner": "",
            "elType": "section"
        },
        {
            "id": "1edeca5a",
            "settings": {
                "gap": "wide",
                "structure": "30",
                "background_background": "classic",
                "padding": {
                    "unit": "px",
                    "top": "25",
                    "right": "0",
                    "bottom": "0",
                    "left": "0",
                    "isLinked": ""
                },
                "padding_tablet": {
                    "unit": "px",
                    "top": "0",
                    "right": "0",
                    "bottom": "0",
                    "left": "0",
                    "isLinked": ""
                },
                "__globals__": {
                    "background_color": "globals\/colors?id=cd6dc3a"
                }
            },
            "elements": [
                {
                    "id": "363f1198",
                    "settings": {
                        "_column_size": "33"
                    },
                    "elements": [
                        {
                            "id": "2b3b443d",
                            "settings": {
                                "image": {
                                    "url": "https:\/\/energeticthemes.com\/wp-templates\/jewear\/wp-content\/uploads\/sites\/16\/2021\/02\/melnychuk-nataliya-oO0JAOJhquk-unsplash.jpg",
                                    "id": "734"
                                },
                                "width": {
                                    "unit": "%",
                                    "size": "100",
                                    "sizes": []
                                },
                                "space": {
                                    "unit": "%",
                                    "size": "100",
                                    "sizes": []
                                },
                                "height": {
                                    "unit": "px",
                                    "size": "408",
                                    "sizes": []
                                },
                                "height_tablet": {
                                    "unit": "px",
                                    "size": "700",
                                    "sizes": []
                                },
                                "height_mobile": {
                                    "unit": "px",
                                    "size": "380",
                                    "sizes": []
                                },
                                "object-fit": "cover",
                                "image_border_radius": {
                                    "unit": "px",
                                    "top": "316",
                                    "right": "316",
                                    "bottom": "0",
                                    "left": "0",
                                    "isLinked": ""
                                }
                            },
                            "elements": [],
                            "isInner": false,
                            "widgetType": "image",
                            "elType": "widget"
                        },
                        {
                            "id": "7707d0c7",
                            "settings": {
                                "title": "Western",
                                "align": "center",
                                "_margin": {
                                    "unit": "px",
                                    "top": "21",
                                    "right": "0",
                                    "bottom": "0",
                                    "left": "0",
                                    "isLinked": ""
                                },
                                "__globals__": {
                                    "typography_typography": "globals\/typography?id=0738e5a",
                                    "title_color": "globals\/colors?id=307cef1"
                                }
                            },
                            "elements": [],
                            "isInner": false,
                            "widgetType": "heading",
                            "elType": "widget"
                        },
                        {
                            "id": "57a6dd86",
                            "settings": {
                                "title": "Gemstone Jewellery",
                                "header_size": "h4",
                                "align": "center",
                                "_margin": {
                                    "unit": "px",
                                    "top": "-09",
                                    "right": "0",
                                    "bottom": "4",
                                    "left": "0",
                                    "isLinked": ""
                                }
                            },
                            "elements": [],
                            "isInner": false,
                            "widgetType": "heading",
                            "elType": "widget"
                        },
                        {
                            "id": "1e4b0ade",
                            "settings": {
                                "editor": "<p>Proin aliquet ut justo vehicula tempus. Praesent vehicula felis auctor lorem aliquet rhoncus. Etiam vitae turpis vitae nibh molestie tincidunt ac vitae nunc.<\/p>",
                                "align": "center"
                            },
                            "elements": [],
                            "isInner": false,
                            "widgetType": "text-editor",
                            "elType": "widget"
                        }
                    ],
                    "isInner": "",
                    "elType": "column"
                },
                {
                    "id": "51e69b9d",
                    "settings": {
                        "_column_size": "33",
                        "_inline_size_tablet": "100"
                    },
                    "elements": [
                        {
                            "id": "2772da9e",
                            "settings": {
                                "image": {
                                    "url": "https:\/\/energeticthemes.com\/wp-templates\/jewear\/wp-content\/uploads\/sites\/16\/2021\/02\/jackie-tsang-3_YP8_mh-Kg-unsplash.jpg",
                                    "id": "714"
                                },
                                "width": {
                                    "unit": "%",
                                    "size": "100",
                                    "sizes": []
                                },
                                "space": {
                                    "unit": "%",
                                    "size": "100",
                                    "sizes": []
                                },
                                "height": {
                                    "unit": "px",
                                    "size": "408",
                                    "sizes": []
                                },
                                "height_tablet": {
                                    "unit": "px",
                                    "size": "700",
                                    "sizes": []
                                },
                                "height_mobile": {
                                    "unit": "px",
                                    "size": "380",
                                    "sizes": []
                                },
                                "object-fit": "cover",
                                "image_border_radius": {
                                    "unit": "px",
                                    "top": "316",
                                    "right": "316",
                                    "bottom": "0",
                                    "left": "0",
                                    "isLinked": ""
                                }
                            },
                            "elements": [],
                            "isInner": false,
                            "widgetType": "image",
                            "elType": "widget"
                        },
                        {
                            "id": "1190f6c1",
                            "settings": {
                                "title": "Jewellery",
                                "align": "center",
                                "_margin": {
                                    "unit": "px",
                                    "top": "21",
                                    "right": "0",
                                    "bottom": "0",
                                    "left": "0",
                                    "isLinked": ""
                                },
                                "__globals__": {
                                    "typography_typography": "globals\/typography?id=0738e5a",
                                    "title_color": "globals\/colors?id=307cef1"
                                }
                            },
                            "elements": [],
                            "isInner": false,
                            "widgetType": "heading",
                            "elType": "widget"
                        },
                        {
                            "id": "7c79c973",
                            "settings": {
                                "title": "Office Wear Jewellery",
                                "header_size": "h4",
                                "align": "center",
                                "_margin": {
                                    "unit": "px",
                                    "top": "-09",
                                    "right": "0",
                                    "bottom": "4",
                                    "left": "0",
                                    "isLinked": ""
                                }
                            },
                            "elements": [],
                            "isInner": false,
                            "widgetType": "heading",
                            "elType": "widget"
                        },
                        {
                            "id": "4cb6ef6e",
                            "settings": {
                                "editor": "<p>Proin aliquet ut justo vehicula tempus. Praesent vehicula felis auctor lorem aliquet rhoncus. Etiam vitae turpis vitae nibh molestie tincidunt ac vitae nunc.<\/p>",
                                "align": "center"
                            },
                            "elements": [],
                            "isInner": false,
                            "widgetType": "text-editor",
                            "elType": "widget"
                        }
                    ],
                    "isInner": "",
                    "elType": "column"
                },
                {
                    "id": "4fea1348",
                    "settings": {
                        "_column_size": "33",
                        "_inline_size_tablet": "100"
                    },
                    "elements": [
                        {
                            "id": "5617b8dc",
                            "settings": {
                                "image": {
                                    "url": "https:\/\/energeticthemes.com\/wp-templates\/jewear\/wp-content\/uploads\/sites\/16\/2021\/02\/tyler-nix-fo83GD_AARE-unsplash.jpg",
                                    "id": "747"
                                },
                                "width": {
                                    "unit": "%",
                                    "size": "100",
                                    "sizes": []
                                },
                                "space": {
                                    "unit": "%",
                                    "size": "100",
                                    "sizes": []
                                },
                                "height": {
                                    "unit": "px",
                                    "size": "408",
                                    "sizes": []
                                },
                                "height_tablet": {
                                    "unit": "px",
                                    "size": "700",
                                    "sizes": []
                                },
                                "height_mobile": {
                                    "unit": "px",
                                    "size": "380",
                                    "sizes": []
                                },
                                "object-fit": "cover",
                                "image_border_radius": {
                                    "unit": "px",
                                    "top": "316",
                                    "right": "316",
                                    "bottom": "0",
                                    "left": "0",
                                    "isLinked": ""
                                }
                            },
                            "elements": [],
                            "isInner": false,
                            "widgetType": "image",
                            "elType": "widget"
                        },
                        {
                            "id": "3c053e30",
                            "settings": {
                                "title": "Jewellery",
                                "align": "center",
                                "_margin": {
                                    "unit": "px",
                                    "top": "21",
                                    "right": "0",
                                    "bottom": "0",
                                    "left": "0",
                                    "isLinked": ""
                                },
                                "__globals__": {
                                    "typography_typography": "globals\/typography?id=0738e5a",
                                    "title_color": "globals\/colors?id=307cef1"
                                }
                            },
                            "elements": [],
                            "isInner": false,
                            "widgetType": "heading",
                            "elType": "widget"
                        },
                        {
                            "id": "306e57f2",
                            "settings": {
                                "title": "Surrounding Emerald Jewelry",
                                "header_size": "h4",
                                "align": "center",
                                "_margin": {
                                    "unit": "px",
                                    "top": "-09",
                                    "right": "0",
                                    "bottom": "4",
                                    "left": "0",
                                    "isLinked": ""
                                }
                            },
                            "elements": [],
                            "isInner": false,
                            "widgetType": "heading",
                            "elType": "widget"
                        },
                        {
                            "id": "5db288c4",
                            "settings": {
                                "editor": "<p>Proin aliquet ut justo vehicula tempus. Praesent vehicula felis auctor lorem aliquet rhoncus. Etiam vitae turpis vitae nibh molestie tincidunt ac vitae nunc.<\/p>",
                                "align": "center"
                            },
                            "elements": [],
                            "isInner": false,
                            "widgetType": "text-editor",
                            "elType": "widget"
                        }
                    ],
                    "isInner": "",
                    "elType": "column"
                }
            ],
            "isInner": "",
            "elType": "section"
        },
        {
            "id": "1a7aae4d",
            "settings": {
                "gap": "wide",
                "structure": "30",
                "background_background": "classic",
                "padding": {
                    "unit": "px",
                    "top": "25",
                    "right": "0",
                    "bottom": "0",
                    "left": "0",
                    "isLinked": ""
                },
                "padding_tablet": {
                    "unit": "px",
                    "top": "0",
                    "right": "0",
                    "bottom": "0",
                    "left": "0",
                    "isLinked": ""
                },
                "__globals__": {
                    "background_color": "globals\/colors?id=cd6dc3a"
                }
            },
            "elements": [
                {
                    "id": "23ab0ebc",
                    "settings": {
                        "_column_size": "33"
                    },
                    "elements": [
                        {
                            "id": "13265bff",
                            "settings": {
                                "image": {
                                    "url": "https:\/\/energeticthemes.com\/wp-templates\/jewear\/wp-content\/uploads\/sites\/16\/2021\/02\/svitlana-04pH-WJU7KQ-unsplash.jpg",
                                    "id": "741"
                                },
                                "width": {
                                    "unit": "%",
                                    "size": "100",
                                    "sizes": []
                                },
                                "space": {
                                    "unit": "%",
                                    "size": "100",
                                    "sizes": []
                                },
                                "height": {
                                    "unit": "px",
                                    "size": "408",
                                    "sizes": []
                                },
                                "height_tablet": {
                                    "unit": "px",
                                    "size": "700",
                                    "sizes": []
                                },
                                "height_mobile": {
                                    "unit": "px",
                                    "size": "380",
                                    "sizes": []
                                },
                                "object-fit": "cover",
                                "image_border_radius": {
                                    "unit": "px",
                                    "top": "316",
                                    "right": "316",
                                    "bottom": "0",
                                    "left": "0",
                                    "isLinked": ""
                                }
                            },
                            "elements": [],
                            "isInner": false,
                            "widgetType": "image",
                            "elType": "widget"
                        },
                        {
                            "id": "70583042",
                            "settings": {
                                "title": "Western",
                                "align": "center",
                                "_margin": {
                                    "unit": "px",
                                    "top": "21",
                                    "right": "0",
                                    "bottom": "0",
                                    "left": "0",
                                    "isLinked": ""
                                },
                                "__globals__": {
                                    "typography_typography": "globals\/typography?id=0738e5a",
                                    "title_color": "globals\/colors?id=307cef1"
                                }
                            },
                            "elements": [],
                            "isInner": false,
                            "widgetType": "heading",
                            "elType": "widget"
                        },
                        {
                            "id": "5791f91f",
                            "settings": {
                                "title": "Redesigning Jewellery",
                                "header_size": "h4",
                                "align": "center",
                                "_margin": {
                                    "unit": "px",
                                    "top": "-09",
                                    "right": "0",
                                    "bottom": "4",
                                    "left": "0",
                                    "isLinked": ""
                                }
                            },
                            "elements": [],
                            "isInner": false,
                            "widgetType": "heading",
                            "elType": "widget"
                        },
                        {
                            "id": "7c74581b",
                            "settings": {
                                "editor": "<p>Proin aliquet ut justo vehicula tempus. Praesent vehicula felis auctor lorem aliquet rhoncus. Etiam vitae turpis vitae nibh molestie tincidunt ac vitae nunc.<\/p>",
                                "align": "center"
                            },
                            "elements": [],
                            "isInner": false,
                            "widgetType": "text-editor",
                            "elType": "widget"
                        }
                    ],
                    "isInner": "",
                    "elType": "column"
                },
                {
                    "id": "5a31136a",
                    "settings": {
                        "_column_size": "33",
                        "_inline_size_tablet": "100"
                    },
                    "elements": [
                        {
                            "id": "ead3b7b",
                            "settings": {
                                "image": {
                                    "url": "https:\/\/energeticthemes.com\/wp-templates\/jewear\/wp-content\/uploads\/sites\/16\/2021\/02\/content-pixie-Hn4a5FahB8M-unsplash.jpg",
                                    "id": "708"
                                },
                                "width": {
                                    "unit": "%",
                                    "size": "100",
                                    "sizes": []
                                },
                                "space": {
                                    "unit": "%",
                                    "size": "100",
                                    "sizes": []
                                },
                                "height": {
                                    "unit": "px",
                                    "size": "408",
                                    "sizes": []
                                },
                                "height_tablet": {
                                    "unit": "px",
                                    "size": "700",
                                    "sizes": []
                                },
                                "height_mobile": {
                                    "unit": "px",
                                    "size": "380",
                                    "sizes": []
                                },
                                "object-fit": "cover",
                                "image_border_radius": {
                                    "unit": "px",
                                    "top": "316",
                                    "right": "316",
                                    "bottom": "0",
                                    "left": "0",
                                    "isLinked": ""
                                }
                            },
                            "elements": [],
                            "isInner": false,
                            "widgetType": "image",
                            "elType": "widget"
                        },
                        {
                            "id": "505d35a1",
                            "settings": {
                                "title": "Jewellery",
                                "align": "center",
                                "_margin": {
                                    "unit": "px",
                                    "top": "21",
                                    "right": "0",
                                    "bottom": "0",
                                    "left": "0",
                                    "isLinked": ""
                                },
                                "__globals__": {
                                    "typography_typography": "globals\/typography?id=0738e5a",
                                    "title_color": "globals\/colors?id=307cef1"
                                }
                            },
                            "elements": [],
                            "isInner": false,
                            "widgetType": "heading",
                            "elType": "widget"
                        },
                        {
                            "id": "69551ad1",
                            "settings": {
                                "title": "Office Wear Jewellery",
                                "header_size": "h4",
                                "align": "center",
                                "_margin": {
                                    "unit": "px",
                                    "top": "-09",
                                    "right": "0",
                                    "bottom": "4",
                                    "left": "0",
                                    "isLinked": ""
                                }
                            },
                            "elements": [],
                            "isInner": false,
                            "widgetType": "heading",
                            "elType": "widget"
                        },
                        {
                            "id": "635e6e12",
                            "settings": {
                                "editor": "<p>Proin aliquet ut justo vehicula tempus. Praesent vehicula felis auctor lorem aliquet rhoncus. Etiam vitae turpis vitae nibh molestie tincidunt ac vitae nunc.<\/p>",
                                "align": "center"
                            },
                            "elements": [],
                            "isInner": false,
                            "widgetType": "text-editor",
                            "elType": "widget"
                        }
                    ],
                    "isInner": "",
                    "elType": "column"
                },
                {
                    "id": "f98ae30",
                    "settings": {
                        "_column_size": "33",
                        "_inline_size_tablet": "100"
                    },
                    "elements": [
                        {
                            "id": "56df7b8c",
                            "settings": {
                                "image": {
                                    "url": "https:\/\/energeticthemes.com\/wp-templates\/jewear\/wp-content\/uploads\/sites\/16\/2021\/02\/lum3n-esAis38NHT8-unsplash.jpg",
                                    "id": "725"
                                },
                                "width": {
                                    "unit": "%",
                                    "size": "100",
                                    "sizes": []
                                },
                                "space": {
                                    "unit": "%",
                                    "size": "100",
                                    "sizes": []
                                },
                                "height": {
                                    "unit": "px",
                                    "size": "408",
                                    "sizes": []
                                },
                                "height_tablet": {
                                    "unit": "px",
                                    "size": "700",
                                    "sizes": []
                                },
                                "height_mobile": {
                                    "unit": "px",
                                    "size": "380",
                                    "sizes": []
                                },
                                "object-fit": "cover",
                                "image_border_radius": {
                                    "unit": "px",
                                    "top": "316",
                                    "right": "316",
                                    "bottom": "0",
                                    "left": "0",
                                    "isLinked": ""
                                }
                            },
                            "elements": [],
                            "isInner": false,
                            "widgetType": "image",
                            "elType": "widget"
                        },
                        {
                            "id": "5f49c01d",
                            "settings": {
                                "title": "Jewellery",
                                "align": "center",
                                "_margin": {
                                    "unit": "px",
                                    "top": "21",
                                    "right": "0",
                                    "bottom": "0",
                                    "left": "0",
                                    "isLinked": ""
                                },
                                "__globals__": {
                                    "typography_typography": "globals\/typography?id=0738e5a",
                                    "title_color": "globals\/colors?id=307cef1"
                                }
                            },
                            "elements": [],
                            "isInner": false,
                            "widgetType": "heading",
                            "elType": "widget"
                        },
                        {
                            "id": "350aa762",
                            "settings": {
                                "title": "Women's Wedding Bands",
                                "header_size": "h4",
                                "align": "center",
                                "_margin": {
                                    "unit": "px",
                                    "top": "-09",
                                    "right": "0",
                                    "bottom": "4",
                                    "left": "0",
                                    "isLinked": ""
                                }
                            },
                            "elements": [],
                            "isInner": false,
                            "widgetType": "heading",
                            "elType": "widget"
                        },
                        {
                            "id": "33620065",
                            "settings": {
                                "editor": "<p>Proin aliquet ut justo vehicula tempus. Praesent vehicula felis auctor lorem aliquet rhoncus. Etiam vitae turpis vitae nibh molestie tincidunt ac vitae nunc.<\/p>",
                                "align": "center"
                            },
                            "elements": [],
                            "isInner": false,
                            "widgetType": "text-editor",
                            "elType": "widget"
                        }
                    ],
                    "isInner": "",
                    "elType": "column"
                }
            ],
            "isInner": "",
            "elType": "section"
        },
        {
            "id": "3f0819b8",
            "settings": {
                "gap": "wide",
                "background_background": "classic",
                "padding": {
                    "unit": "px",
                    "top": "23",
                    "right": "0",
                    "bottom": "60",
                    "left": "0",
                    "isLinked": ""
                },
                "padding_tablet": {
                    "unit": "px",
                    "top": "10",
                    "right": "0",
                    "bottom": "60",
                    "left": "0",
                    "isLinked": ""
                },
                "__globals__": {
                    "background_color": "globals\/colors?id=cd6dc3a"
                }
            },
            "elements": [
                {
                    "id": "7bd05550",
                    "settings": {
                        "_column_size": "100"
                    },
                    "elements": [
                        {
                            "id": "64fbe659",
                            "settings": {
                                "text": "Load more",
                                "align": "center"
                            },
                            "elements": [],
                            "isInner": false,
                            "widgetType": "button",
                            "elType": "widget"
                        }
                    ],
                    "isInner": "",
                    "elType": "column"
                }
            ],
            "isInner": "",
            "elType": "section"
        }
    ],
    "page_settings": {
        "hide_title": "yes",
        "template": "elementor_header_footer"
    }
}