{
    "version": "0.4",
    "title": "Pricing Table",
    "type": "page",
    "metadata": {
        "template_type": "single-page",
        "include_in_zip": "1",
        "elementor_pro_required": null,
        "wp_page_template": "elementor_header_footer"
    },
    "content": [
        {
            "id": "1db19dd2",
            "settings": {
                "gap": "wide",
                "background_background": "classic",
                "padding": {
                    "unit": "px",
                    "top": "80",
                    "right": "0",
                    "bottom": "40",
                    "left": "0",
                    "isLinked": ""
                },
                "padding_tablet": {
                    "unit": "px",
                    "top": "20",
                    "right": "0",
                    "bottom": "20",
                    "left": "0",
                    "isLinked": ""
                },
                "padding_mobile": {
                    "unit": "px",
                    "top": "10",
                    "right": "0",
                    "bottom": "10",
                    "left": "0",
                    "isLinked": ""
                },
                "__globals__": {
                    "background_color": "globals\/colors?id=cd6dc3a"
                }
            },
            "elements": [
                {
                    "id": "6cbcbf1f",
                    "settings": {
                        "_column_size": "100",
                        "margin": {
                            "unit": "%",
                            "top": "0",
                            "right": "24",
                            "bottom": "0",
                            "left": "24",
                            "isLinked": ""
                        },
                        "margin_tablet": {
                            "unit": "px",
                            "top": "0",
                            "right": "0",
                            "bottom": "0",
                            "left": "0",
                            "isLinked": ""
                        },
                        "margin_mobile": {
                            "unit": "px",
                            "top": "0",
                            "right": "0",
                            "bottom": "0",
                            "left": "0",
                            "isLinked": ""
                        }
                    },
                    "elements": [
                        {
                            "id": "244a7eed",
                            "settings": {
                                "title": "Our",
                                "header_size": "h5",
                                "__globals__": {
                                    "title_color": "globals\/colors?id=307cef1",
                                    "typography_typography": "globals\/typography?id=0738e5a"
                                },
                                "_z_index": "2",
                                "align": "center"
                            },
                            "elements": [],
                            "isInner": false,
                            "widgetType": "heading",
                            "elType": "widget"
                        },
                        {
                            "id": "4297afe",
                            "settings": {
                                "title": "Pricing Plan",
                                "header_size": "h1",
                                "_margin": {
                                    "unit": "px",
                                    "top": "-11",
                                    "right": "0",
                                    "bottom": "0",
                                    "left": "0",
                                    "isLinked": ""
                                },
                                "_z_index": "2",
                                "align": "center",
                                "__globals__": {
                                    "typography_typography": "globals\/typography?id=6c6f551"
                                }
                            },
                            "elements": [],
                            "isInner": false,
                            "widgetType": "heading",
                            "elType": "widget"
                        },
                        {
                            "id": "6096f438",
                            "settings": {
                                "editor": "<p>Vestibulum ante ipsum primis in faucibus orci luctus et ultrices posuere cubilia curae;nulla lacus, fermentum non tellus in, euismod euismod ivamus enim turpis, cursus vitae bibendum et, volutpat quis enim.<\/p>",
                                "_z_index": "2",
                                "align": "center",
                                "_padding": {
                                    "unit": "px",
                                    "top": "0",
                                    "right": "20",
                                    "bottom": "0",
                                    "left": "20",
                                    "isLinked": ""
                                },
                                "_margin": {
                                    "unit": "px",
                                    "top": "0",
                                    "right": "0",
                                    "bottom": "-20",
                                    "left": "0",
                                    "isLinked": ""
                                },
                                "_padding_mobile": {
                                    "unit": "px",
                                    "top": "0",
                                    "right": "0",
                                    "bottom": "0",
                                    "left": "0",
                                    "isLinked": ""
                                }
                            },
                            "elements": [],
                            "isInner": false,
                            "widgetType": "text-editor",
                            "elType": "widget"
                        },
                        {
                            "id": "43f3bbcd",
                            "settings": {
                                "image": {
                                    "url": "https:\/\/energeticthemes.com\/wp-templates\/jewear\/wp-content\/uploads\/sites\/16\/2021\/02\/15.png",
                                    "id": "207"
                                },
                                "width": {
                                    "unit": "px",
                                    "size": "126",
                                    "sizes": []
                                },
                                "space": {
                                    "unit": "px",
                                    "size": "126",
                                    "sizes": []
                                },
                                "height": {
                                    "unit": "px",
                                    "size": "88",
                                    "sizes": []
                                },
                                "opacity": {
                                    "unit": "px",
                                    "size": "0.3",
                                    "sizes": []
                                },
                                "_position": "absolute",
                                "_offset_x": {
                                    "size": "",
                                    "unit": "%"
                                },
                                "_offset_y": {
                                    "size": "11",
                                    "unit": "%"
                                },
                                "_offset_x_mobile": {
                                    "size": "-1.578",
                                    "unit": "px"
                                },
                                "_offset_y_mobile": {
                                    "size": "29.531",
                                    "unit": "px"
                                }
                            },
                            "elements": [],
                            "isInner": false,
                            "widgetType": "image",
                            "elType": "widget"
                        }
                    ],
                    "isInner": "",
                    "elType": "column"
                }
            ],
            "isInner": "",
            "elType": "section"
        },
        {
            "id": "201dd400",
            "settings": {
                "gap": "no",
                "margin_tablet": {
                    "unit": "px",
                    "top": "",
                    "right": "0",
                    "bottom": "",
                    "left": "0",
                    "isLinked": "1"
                },
                "background_background": "classic",
                "padding": {
                    "unit": "px",
                    "top": "0",
                    "right": "0",
                    "bottom": "100",
                    "left": "0",
                    "isLinked": ""
                },
                "__globals__": {
                    "background_color": "globals\/colors?id=cd6dc3a"
                }
            },
            "elements": [
                {
                    "id": "734c273f",
                    "settings": {
                        "_column_size": "100"
                    },
                    "elements": [
                        {
                            "id": "c958310",
                            "settings": {
                                "structure": "30",
                                "margin": {
                                    "unit": "px",
                                    "top": "",
                                    "right": "0",
                                    "bottom": "",
                                    "left": "0",
                                    "isLinked": "1"
                                },
                                "gap": "wide",
                                "margin_tablet": {
                                    "unit": "px",
                                    "top": "40",
                                    "right": "0",
                                    "bottom": "40",
                                    "left": "0",
                                    "isLinked": ""
                                }
                            },
                            "elements": [
                                {
                                    "id": "32027909",
                                    "settings": {
                                        "_column_size": "33",
                                        "background_background": "classic",
                                        "margin": {
                                            "unit": "px",
                                            "top": "20",
                                            "right": "20",
                                            "bottom": "20",
                                            "left": "20",
                                            "isLinked": "1"
                                        },
                                        "padding": {
                                            "unit": "px",
                                            "top": "60",
                                            "right": "40",
                                            "bottom": "60",
                                            "left": "40",
                                            "isLinked": ""
                                        },
                                        "__globals__": {
                                            "background_color": "globals\/colors?id=227d258"
                                        },
                                        "_inline_size_tablet": "100",
                                        "margin_tablet": {
                                            "unit": "px",
                                            "top": "40",
                                            "right": "0",
                                            "bottom": "0",
                                            "left": "0",
                                            "isLinked": ""
                                        },
                                        "padding_mobile": {
                                            "unit": "px",
                                            "top": "50",
                                            "right": "20",
                                            "bottom": "50",
                                            "left": "20",
                                            "isLinked": ""
                                        },
                                        "padding_tablet": {
                                            "unit": "px",
                                            "top": "40",
                                            "right": "20",
                                            "bottom": "40",
                                            "left": "20",
                                            "isLinked": ""
                                        },
                                        "background_position": "top left",
                                        "background_repeat": "repeat",
                                        "background_size": "contain"
                                    },
                                    "elements": [
                                        {
                                            "id": "4566d373",
                                            "settings": {
                                                "title": "Intro",
                                                "header_size": "h3",
                                                "__globals__": {
                                                    "title_color": "globals\/colors?id=307cef1",
                                                    "typography_typography": "globals\/typography?id=0738e5a"
                                                },
                                                "_margin": {
                                                    "unit": "px",
                                                    "top": "-01",
                                                    "right": "0",
                                                    "bottom": "01",
                                                    "left": "0",
                                                    "isLinked": ""
                                                },
                                                "_z_index": "2"
                                            },
                                            "elements": [],
                                            "isInner": false,
                                            "widgetType": "heading",
                                            "elType": "widget"
                                        },
                                        {
                                            "id": "10123dfb",
                                            "settings": {
                                                "title": "$30",
                                                "header_size": "h1",
                                                "_element_width": "auto",
                                                "__globals__": {
                                                    "typography_typography": "globals\/typography?id=c11671c"
                                                },
                                                "_margin": {
                                                    "unit": "px",
                                                    "top": "1",
                                                    "right": "0",
                                                    "bottom": "0",
                                                    "left": "0",
                                                    "isLinked": ""
                                                },
                                                "_z_index": "2"
                                            },
                                            "elements": [],
                                            "isInner": false,
                                            "widgetType": "heading",
                                            "elType": "widget"
                                        },
                                        {
                                            "id": "4e1b272f",
                                            "settings": {
                                                "title": "\/ month",
                                                "header_size": "h5",
                                                "_margin": {
                                                    "unit": "px",
                                                    "top": "17",
                                                    "right": "0",
                                                    "bottom": "0",
                                                    "left": "10",
                                                    "isLinked": ""
                                                },
                                                "_element_width": "auto",
                                                "_element_vertical_align": "center",
                                                "__globals__": {
                                                    "title_color": "globals\/colors?id=307cef1",
                                                    "typography_typography": "globals\/typography?id=f73926c"
                                                },
                                                "_z_index": "2"
                                            },
                                            "elements": [],
                                            "isInner": false,
                                            "widgetType": "heading",
                                            "elType": "widget"
                                        },
                                        {
                                            "id": "4d91de2b",
                                            "settings": {
                                                "image": {
                                                    "url": "https:\/\/energeticthemes.com\/wp-templates\/jewear\/wp-content\/uploads\/sites\/16\/2021\/02\/15.png",
                                                    "id": "207"
                                                },
                                                "width": {
                                                    "unit": "px",
                                                    "size": "126",
                                                    "sizes": []
                                                },
                                                "space": {
                                                    "unit": "px",
                                                    "size": "126",
                                                    "sizes": []
                                                },
                                                "height": {
                                                    "unit": "px",
                                                    "size": "88",
                                                    "sizes": []
                                                },
                                                "object-fit": "cover",
                                                "opacity": {
                                                    "unit": "px",
                                                    "size": "0.3",
                                                    "sizes": []
                                                },
                                                "_position": "absolute",
                                                "_offset_x": {
                                                    "size": "-29",
                                                    "unit": "%"
                                                },
                                                "_offset_y": {
                                                    "size": "1",
                                                    "unit": "%"
                                                },
                                                "_z_index": "1"
                                            },
                                            "elements": [],
                                            "isInner": false,
                                            "widgetType": "image",
                                            "elType": "widget"
                                        },
                                        {
                                            "id": "4930b5ad",
                                            "settings": {
                                                "editor": "<p>Lorem Ipsum is simply dummy text of the printing and typesetting industry. Lorem has been the industry's standard dummy text ever since the 1500s,<\/p>",
                                                "_margin": {
                                                    "unit": "px",
                                                    "top": "49",
                                                    "right": "0",
                                                    "bottom": "3",
                                                    "left": "0",
                                                    "isLinked": ""
                                                }
                                            },
                                            "elements": [],
                                            "isInner": false,
                                            "widgetType": "text-editor",
                                            "elType": "widget"
                                        },
                                        {
                                            "id": "2ce4a0b",
                                            "settings": {
                                                "icon_list": [
                                                    {
                                                        "text": "Suspendisse in massa velit ullacorper",
                                                        "selected_icon": {
                                                            "value": "fas fa-check-circle",
                                                            "library": "fa-solid"
                                                        },
                                                        "_id": "40f4557"
                                                    },
                                                    {
                                                        "text": "Pellentesque hendrerit at turpis",
                                                        "selected_icon": {
                                                            "value": "fas fa-check-circle",
                                                            "library": "fa-solid"
                                                        },
                                                        "_id": "b7bc751"
                                                    },
                                                    {
                                                        "text": "Nulla malesuada sed ex maximus",
                                                        "selected_icon": {
                                                            "value": "fas fa-check-circle",
                                                            "library": "fa-solid"
                                                        },
                                                        "_id": "73586f0"
                                                    },
                                                    {
                                                        "_id": "fb7f05f",
                                                        "text": "Quisque pulvinar amet ete elementum",
                                                        "selected_icon": {
                                                            "value": "fas fa-check-circle",
                                                            "library": "fa-solid"
                                                        }
                                                    },
                                                    {
                                                        "text": "Mauris faucibus nibh congue ",
                                                        "selected_icon": {
                                                            "value": "fas fa-check-circle",
                                                            "library": "fa-solid"
                                                        },
                                                        "_id": "afb777e"
                                                    }
                                                ],
                                                "space_between": {
                                                    "unit": "px",
                                                    "size": "16",
                                                    "sizes": []
                                                },
                                                "text_indent": {
                                                    "unit": "px",
                                                    "size": "10",
                                                    "sizes": []
                                                },
                                                "__globals__": {
                                                    "icon_typography_typography": "globals\/typography?id=text",
                                                    "icon_color": "globals\/colors?id=accent"
                                                },
                                                "_margin": {
                                                    "unit": "px",
                                                    "top": "0",
                                                    "right": "0",
                                                    "bottom": "19",
                                                    "left": "0",
                                                    "isLinked": ""
                                                }
                                            },
                                            "elements": [],
                                            "isInner": false,
                                            "widgetType": "icon-list",
                                            "elType": "widget"
                                        },
                                        {
                                            "id": "51ced9e0",
                                            "settings": {
                                                "text": "Get started",
                                                "background_color": "#02010100",
                                                "border_border": "solid",
                                                "border_width": {
                                                    "unit": "px",
                                                    "top": "0",
                                                    "right": "0",
                                                    "bottom": "2",
                                                    "left": "0",
                                                    "isLinked": ""
                                                },
                                                "border_radius": {
                                                    "unit": "px",
                                                    "top": "0",
                                                    "right": "0",
                                                    "bottom": "0",
                                                    "left": "0",
                                                    "isLinked": ""
                                                },
                                                "text_padding": {
                                                    "unit": "px",
                                                    "top": "0",
                                                    "right": "0",
                                                    "bottom": "04",
                                                    "left": "0",
                                                    "isLinked": ""
                                                },
                                                "__globals__": {
                                                    "button_text_color": "globals\/colors?id=secondary",
                                                    "hover_color": "globals\/colors?id=307cef1",
                                                    "button_hover_border_color": "globals\/colors?id=307cef1"
                                                }
                                            },
                                            "elements": [],
                                            "isInner": false,
                                            "widgetType": "button",
                                            "elType": "widget"
                                        }
                                    ],
                                    "isInner": "1",
                                    "elType": "column"
                                },
                                {
                                    "id": "6c8348bb",
                                    "settings": {
                                        "_column_size": "33",
                                        "background_background": "classic",
                                        "margin": {
                                            "unit": "px",
                                            "top": "20",
                                            "right": "20",
                                            "bottom": "20",
                                            "left": "20",
                                            "isLinked": "1"
                                        },
                                        "padding": {
                                            "unit": "px",
                                            "top": "60",
                                            "right": "40",
                                            "bottom": "60",
                                            "left": "40",
                                            "isLinked": ""
                                        },
                                        "__globals__": {
                                            "background_color": "globals\/colors?id=227d258"
                                        },
                                        "_inline_size_tablet": "100",
                                        "margin_tablet": {
                                            "unit": "px",
                                            "top": "40",
                                            "right": "0",
                                            "bottom": "0",
                                            "left": "0",
                                            "isLinked": ""
                                        },
                                        "padding_mobile": {
                                            "unit": "px",
                                            "top": "50",
                                            "right": "20",
                                            "bottom": "50",
                                            "left": "20",
                                            "isLinked": ""
                                        },
                                        "padding_tablet": {
                                            "unit": "px",
                                            "top": "40",
                                            "right": "20",
                                            "bottom": "40",
                                            "left": "20",
                                            "isLinked": ""
                                        },
                                        "background_position": "top left",
                                        "background_repeat": "repeat",
                                        "background_size": "contain"
                                    },
                                    "elements": [
                                        {
                                            "id": "18048708",
                                            "settings": {
                                                "title": "Popular",
                                                "header_size": "h3",
                                                "__globals__": {
                                                    "title_color": "globals\/colors?id=307cef1",
                                                    "typography_typography": "globals\/typography?id=0738e5a"
                                                },
                                                "_margin": {
                                                    "unit": "px",
                                                    "top": "-01",
                                                    "right": "0",
                                                    "bottom": "01",
                                                    "left": "0",
                                                    "isLinked": ""
                                                },
                                                "_z_index": "2"
                                            },
                                            "elements": [],
                                            "isInner": false,
                                            "widgetType": "heading",
                                            "elType": "widget"
                                        },
                                        {
                                            "id": "34d01f96",
                                            "settings": {
                                                "title": "$60",
                                                "header_size": "h1",
                                                "_element_width": "auto",
                                                "__globals__": {
                                                    "typography_typography": "globals\/typography?id=c11671c"
                                                },
                                                "_margin": {
                                                    "unit": "px",
                                                    "top": "1",
                                                    "right": "0",
                                                    "bottom": "0",
                                                    "left": "0",
                                                    "isLinked": ""
                                                },
                                                "_z_index": "2"
                                            },
                                            "elements": [],
                                            "isInner": false,
                                            "widgetType": "heading",
                                            "elType": "widget"
                                        },
                                        {
                                            "id": "20208710",
                                            "settings": {
                                                "title": "\/ month",
                                                "header_size": "h5",
                                                "_margin": {
                                                    "unit": "px",
                                                    "top": "17",
                                                    "right": "0",
                                                    "bottom": "0",
                                                    "left": "10",
                                                    "isLinked": ""
                                                },
                                                "_element_width": "auto",
                                                "_element_vertical_align": "center",
                                                "__globals__": {
                                                    "title_color": "globals\/colors?id=307cef1",
                                                    "typography_typography": "globals\/typography?id=f73926c"
                                                },
                                                "_z_index": "2"
                                            },
                                            "elements": [],
                                            "isInner": false,
                                            "widgetType": "heading",
                                            "elType": "widget"
                                        },
                                        {
                                            "id": "545cbb9f",
                                            "settings": {
                                                "image": {
                                                    "url": "https:\/\/energeticthemes.com\/wp-templates\/jewear\/wp-content\/uploads\/sites\/16\/2021\/02\/12-2.png",
                                                    "id": "1923"
                                                },
                                                "width": {
                                                    "unit": "px",
                                                    "size": "193",
                                                    "sizes": []
                                                },
                                                "space": {
                                                    "unit": "px",
                                                    "size": "193",
                                                    "sizes": []
                                                },
                                                "height": {
                                                    "unit": "px",
                                                    "size": "154",
                                                    "sizes": []
                                                },
                                                "_position": "absolute",
                                                "_offset_x": {
                                                    "size": "-82",
                                                    "unit": "px"
                                                },
                                                "_offset_y": {
                                                    "size": "-33",
                                                    "unit": "px"
                                                }
                                            },
                                            "elements": [],
                                            "isInner": false,
                                            "widgetType": "image",
                                            "elType": "widget"
                                        },
                                        {
                                            "id": "a074b67",
                                            "settings": {
                                                "editor": "<p>Lorem Ipsum is simply dummy text of the printing and typesetting industry. Lorem has been the industry's standard dummy text ever since the 1500s,<\/p>",
                                                "_margin": {
                                                    "unit": "px",
                                                    "top": "49",
                                                    "right": "0",
                                                    "bottom": "3",
                                                    "left": "0",
                                                    "isLinked": ""
                                                }
                                            },
                                            "elements": [],
                                            "isInner": false,
                                            "widgetType": "text-editor",
                                            "elType": "widget"
                                        },
                                        {
                                            "id": "ae59719",
                                            "settings": {
                                                "icon_list": [
                                                    {
                                                        "text": "Suspendisse in massa velit ullacorper",
                                                        "selected_icon": {
                                                            "value": "fas fa-check-circle",
                                                            "library": "fa-solid"
                                                        },
                                                        "_id": "40f4557"
                                                    },
                                                    {
                                                        "text": "Pellentesque hendrerit at turpis",
                                                        "selected_icon": {
                                                            "value": "fas fa-check-circle",
                                                            "library": "fa-solid"
                                                        },
                                                        "_id": "b7bc751"
                                                    },
                                                    {
                                                        "text": "Nulla malesuada sed ex maximus",
                                                        "selected_icon": {
                                                            "value": "fas fa-check-circle",
                                                            "library": "fa-solid"
                                                        },
                                                        "_id": "73586f0"
                                                    },
                                                    {
                                                        "_id": "fb7f05f",
                                                        "text": "Quisque pulvinar amet ete elementum",
                                                        "selected_icon": {
                                                            "value": "fas fa-check-circle",
                                                            "library": "fa-solid"
                                                        }
                                                    },
                                                    {
                                                        "text": "Mauris faucibus nibh congue ",
                                                        "selected_icon": {
                                                            "value": "fas fa-check-circle",
                                                            "library": "fa-solid"
                                                        },
                                                        "_id": "afb777e"
                                                    }
                                                ],
                                                "space_between": {
                                                    "unit": "px",
                                                    "size": "16",
                                                    "sizes": []
                                                },
                                                "text_indent": {
                                                    "unit": "px",
                                                    "size": "10",
                                                    "sizes": []
                                                },
                                                "__globals__": {
                                                    "icon_typography_typography": "globals\/typography?id=text",
                                                    "icon_color": "globals\/colors?id=accent"
                                                },
                                                "_margin": {
                                                    "unit": "px",
                                                    "top": "0",
                                                    "right": "0",
                                                    "bottom": "19",
                                                    "left": "0",
                                                    "isLinked": ""
                                                }
                                            },
                                            "elements": [],
                                            "isInner": false,
                                            "widgetType": "icon-list",
                                            "elType": "widget"
                                        },
                                        {
                                            "id": "6407107f",
                                            "settings": {
                                                "text": "Get started",
                                                "background_color": "#02010100",
                                                "border_border": "solid",
                                                "border_width": {
                                                    "unit": "px",
                                                    "top": "0",
                                                    "right": "0",
                                                    "bottom": "2",
                                                    "left": "0",
                                                    "isLinked": ""
                                                },
                                                "border_radius": {
                                                    "unit": "px",
                                                    "top": "0",
                                                    "right": "0",
                                                    "bottom": "0",
                                                    "left": "0",
                                                    "isLinked": ""
                                                },
                                                "text_padding": {
                                                    "unit": "px",
                                                    "top": "0",
                                                    "right": "0",
                                                    "bottom": "04",
                                                    "left": "0",
                                                    "isLinked": ""
                                                },
                                                "__globals__": {
                                                    "button_text_color": "globals\/colors?id=secondary",
                                                    "hover_color": "globals\/colors?id=307cef1",
                                                    "button_hover_border_color": "globals\/colors?id=307cef1"
                                                }
                                            },
                                            "elements": [],
                                            "isInner": false,
                                            "widgetType": "button",
                                            "elType": "widget"
                                        }
                                    ],
                                    "isInner": "1",
                                    "elType": "column"
                                },
                                {
                                    "id": "6863b62b",
                                    "settings": {
                                        "_column_size": "33",
                                        "background_background": "classic",
                                        "margin": {
                                            "unit": "px",
                                            "top": "20",
                                            "right": "20",
                                            "bottom": "20",
                                            "left": "20",
                                            "isLinked": "1"
                                        },
                                        "padding": {
                                            "unit": "px",
                                            "top": "60",
                                            "right": "40",
                                            "bottom": "60",
                                            "left": "40",
                                            "isLinked": ""
                                        },
                                        "__globals__": {
                                            "background_color": "globals\/colors?id=227d258"
                                        },
                                        "_inline_size_tablet": "100",
                                        "margin_tablet": {
                                            "unit": "px",
                                            "top": "40",
                                            "right": "0",
                                            "bottom": "0",
                                            "left": "0",
                                            "isLinked": ""
                                        },
                                        "padding_mobile": {
                                            "unit": "px",
                                            "top": "50",
                                            "right": "20",
                                            "bottom": "50",
                                            "left": "20",
                                            "isLinked": ""
                                        },
                                        "padding_tablet": {
                                            "unit": "px",
                                            "top": "40",
                                            "right": "20",
                                            "bottom": "40",
                                            "left": "20",
                                            "isLinked": ""
                                        },
                                        "background_position": "top left",
                                        "background_repeat": "repeat",
                                        "background_size": "contain"
                                    },
                                    "elements": [
                                        {
                                            "id": "1c2ce3cf",
                                            "settings": {
                                                "title": "Enterprise",
                                                "header_size": "h3",
                                                "__globals__": {
                                                    "title_color": "globals\/colors?id=307cef1",
                                                    "typography_typography": "globals\/typography?id=0738e5a"
                                                },
                                                "_margin": {
                                                    "unit": "px",
                                                    "top": "-01",
                                                    "right": "0",
                                                    "bottom": "01",
                                                    "left": "0",
                                                    "isLinked": ""
                                                },
                                                "_z_index": "2"
                                            },
                                            "elements": [],
                                            "isInner": false,
                                            "widgetType": "heading",
                                            "elType": "widget"
                                        },
                                        {
                                            "id": "7d59fc9d",
                                            "settings": {
                                                "title": "$90",
                                                "header_size": "h1",
                                                "_element_width": "auto",
                                                "__globals__": {
                                                    "typography_typography": "globals\/typography?id=c11671c"
                                                },
                                                "_margin": {
                                                    "unit": "px",
                                                    "top": "1",
                                                    "right": "0",
                                                    "bottom": "0",
                                                    "left": "0",
                                                    "isLinked": ""
                                                },
                                                "_z_index": "2"
                                            },
                                            "elements": [],
                                            "isInner": false,
                                            "widgetType": "heading",
                                            "elType": "widget"
                                        },
                                        {
                                            "id": "44bfb4d8",
                                            "settings": {
                                                "title": "\/ month",
                                                "header_size": "h5",
                                                "_margin": {
                                                    "unit": "px",
                                                    "top": "17",
                                                    "right": "0",
                                                    "bottom": "0",
                                                    "left": "10",
                                                    "isLinked": ""
                                                },
                                                "_element_width": "auto",
                                                "_element_vertical_align": "center",
                                                "__globals__": {
                                                    "title_color": "globals\/colors?id=307cef1",
                                                    "typography_typography": "globals\/typography?id=f73926c"
                                                },
                                                "_z_index": "2"
                                            },
                                            "elements": [],
                                            "isInner": false,
                                            "widgetType": "heading",
                                            "elType": "widget"
                                        },
                                        {
                                            "id": "4c016af6",
                                            "settings": {
                                                "image": {
                                                    "url": "https:\/\/energeticthemes.com\/wp-templates\/jewear\/wp-content\/uploads\/sites\/16\/2021\/02\/5-1.png",
                                                    "id": "991"
                                                },
                                                "width": {
                                                    "unit": "px",
                                                    "size": "154",
                                                    "sizes": []
                                                },
                                                "space": {
                                                    "unit": "px",
                                                    "size": "154",
                                                    "sizes": []
                                                },
                                                "height": {
                                                    "unit": "px",
                                                    "size": "107",
                                                    "sizes": []
                                                },
                                                "_position": "absolute",
                                                "_offset_x": {
                                                    "size": "-67",
                                                    "unit": "px"
                                                },
                                                "_offset_y": {
                                                    "size": "-2",
                                                    "unit": "px"
                                                }
                                            },
                                            "elements": [],
                                            "isInner": false,
                                            "widgetType": "image",
                                            "elType": "widget"
                                        },
                                        {
                                            "id": "151b5891",
                                            "settings": {
                                                "editor": "<p>Lorem Ipsum is simply dummy text of the printing and typesetting industry. Lorem has been the industry's standard dummy text ever since the 1500s,<\/p>",
                                                "_margin": {
                                                    "unit": "px",
                                                    "top": "49",
                                                    "right": "0",
                                                    "bottom": "3",
                                                    "left": "0",
                                                    "isLinked": ""
                                                }
                                            },
                                            "elements": [],
                                            "isInner": false,
                                            "widgetType": "text-editor",
                                            "elType": "widget"
                                        },
                                        {
                                            "id": "5aaf41be",
                                            "settings": {
                                                "icon_list": [
                                                    {
                                                        "text": "Suspendisse in massa velit ullacorper",
                                                        "selected_icon": {
                                                            "value": "fas fa-check-circle",
                                                            "library": "fa-solid"
                                                        },
                                                        "_id": "40f4557"
                                                    },
                                                    {
                                                        "text": "Pellentesque hendrerit at turpis",
                                                        "selected_icon": {
                                                            "value": "fas fa-check-circle",
                                                            "library": "fa-solid"
                                                        },
                                                        "_id": "b7bc751"
                                                    },
                                                    {
                                                        "text": "Nulla malesuada sed ex maximus",
                                                        "selected_icon": {
                                                            "value": "fas fa-check-circle",
                                                            "library": "fa-solid"
                                                        },
                                                        "_id": "73586f0"
                                                    },
                                                    {
                                                        "_id": "fb7f05f",
                                                        "text": "Quisque pulvinar amet ete elementum",
                                                        "selected_icon": {
                                                            "value": "fas fa-check-circle",
                                                            "library": "fa-solid"
                                                        }
                                                    },
                                                    {
                                                        "text": "Mauris faucibus nibh congue ",
                                                        "selected_icon": {
                                                            "value": "fas fa-check-circle",
                                                            "library": "fa-solid"
                                                        },
                                                        "_id": "afb777e"
                                                    }
                                                ],
                                                "space_between": {
                                                    "unit": "px",
                                                    "size": "19",
                                                    "sizes": []
                                                },
                                                "text_indent": {
                                                    "unit": "px",
                                                    "size": "10",
                                                    "sizes": []
                                                },
                                                "__globals__": {
                                                    "icon_typography_typography": "globals\/typography?id=text",
                                                    "icon_color": "globals\/colors?id=accent"
                                                },
                                                "_margin": {
                                                    "unit": "px",
                                                    "top": "0",
                                                    "right": "0",
                                                    "bottom": "21",
                                                    "left": "0",
                                                    "isLinked": ""
                                                }
                                            },
                                            "elements": [],
                                            "isInner": false,
                                            "widgetType": "icon-list",
                                            "elType": "widget"
                                        },
                                        {
                                            "id": "84b3a03",
                                            "settings": {
                                                "text": "Get started",
                                                "background_color": "#02010100",
                                                "border_border": "solid",
                                                "border_width": {
                                                    "unit": "px",
                                                    "top": "0",
                                                    "right": "0",
                                                    "bottom": "2",
                                                    "left": "0",
                                                    "isLinked": ""
                                                },
                                                "border_radius": {
                                                    "unit": "px",
                                                    "top": "0",
                                                    "right": "0",
                                                    "bottom": "0",
                                                    "left": "0",
                                                    "isLinked": ""
                                                },
                                                "text_padding": {
                                                    "unit": "px",
                                                    "top": "0",
                                                    "right": "0",
                                                    "bottom": "04",
                                                    "left": "0",
                                                    "isLinked": ""
                                                },
                                                "__globals__": {
                                                    "button_text_color": "globals\/colors?id=secondary",
                                                    "hover_color": "globals\/colors?id=307cef1",
                                                    "button_hover_border_color": "globals\/colors?id=307cef1"
                                                }
                                            },
                                            "elements": [],
                                            "isInner": false,
                                            "widgetType": "button",
                                            "elType": "widget"
                                        }
                                    ],
                                    "isInner": "1",
                                    "elType": "column"
                                }
                            ],
                            "isInner": "1",
                            "elType": "section"
                        }
                    ],
                    "isInner": "",
                    "elType": "column"
                }
            ],
            "isInner": "",
            "elType": "section"
        }
    ],
    "page_settings": {
        "hide_title": "yes",
        "template": "elementor_header_footer"
    }
}