{
    "version": "0.4",
    "title": "Shop",
    "type": "product-archive",
    "metadata": {
        "template_type": "archive-product",
        "include_in_zip": "1",
        "elementor_pro_required": "1",
        "elementor_library_type": "product-archive",
        "elementor_pro_conditions": [
            "include\/product_archive"
        ],
        "additional_template_information": [
            "This is a \"Product Archive\" template for Elementor Pro.",
            "This template will display on: All Product Archives."
        ],
        "wp_page_template": "default"
    },
    "content": [
        {
            "id": "6c328ce9",
            "settings": {
                "gap": "wide",
                "background_background": "classic",
                "padding": {
                    "unit": "px",
                    "top": "60",
                    "right": "0",
                    "bottom": "40",
                    "left": "0",
                    "isLinked": ""
                },
                "padding_tablet": {
                    "unit": "px",
                    "top": "60",
                    "right": "0",
                    "bottom": "60",
                    "left": "0",
                    "isLinked": ""
                },
                "padding_mobile": {
                    "unit": "px",
                    "top": "30",
                    "right": "0",
                    "bottom": "20",
                    "left": "0",
                    "isLinked": ""
                },
                "__globals__": {
                    "background_color": "globals\/colors?id=cd6dc3a"
                }
            },
            "elements": [
                {
                    "id": "174b228c",
                    "settings": {
                        "_column_size": "100",
                        "margin": {
                            "unit": "%",
                            "top": "0",
                            "right": "24",
                            "bottom": "0",
                            "left": "24",
                            "isLinked": ""
                        },
                        "margin_tablet": {
                            "unit": "px",
                            "top": "0",
                            "right": "0",
                            "bottom": "0",
                            "left": "0",
                            "isLinked": ""
                        },
                        "margin_mobile": {
                            "unit": "px",
                            "top": "0",
                            "right": "0",
                            "bottom": "0",
                            "left": "0",
                            "isLinked": ""
                        }
                    },
                    "elements": [
                        {
                            "id": "44088eb1",
                            "settings": {
                                "title": "Our",
                                "header_size": "h5",
                                "__globals__": {
                                    "title_color": "globals\/colors?id=307cef1",
                                    "typography_typography": "globals\/typography?id=0738e5a"
                                },
                                "_z_index": "2",
                                "align": "center"
                            },
                            "elements": [],
                            "isInner": false,
                            "widgetType": "heading",
                            "elType": "widget"
                        },
                        {
                            "id": "2f37d90f",
                            "settings": {
                                "title": "Shop",
                                "header_size": "h1",
                                "_margin": {
                                    "unit": "px",
                                    "top": "-11",
                                    "right": "0",
                                    "bottom": "0",
                                    "left": "0",
                                    "isLinked": ""
                                },
                                "_z_index": "2",
                                "align": "center",
                                "__globals__": {
                                    "typography_typography": "globals\/typography?id=6c6f551"
                                }
                            },
                            "elements": [],
                            "isInner": false,
                            "widgetType": "heading",
                            "elType": "widget"
                        },
                        {
                            "id": "1e543d9",
                            "settings": {
                                "editor": "<p>Vestibulum ante ipsum primis in faucibus orci luctus et ultrices posuere cubilia curae;nulla lacus, fermentum non tellus in, euismod euismod ivamus enim turpis, cursus vitae bibendum et, volutpat quis enim.<\/p>",
                                "_z_index": "2",
                                "align": "center",
                                "_padding": {
                                    "unit": "px",
                                    "top": "0",
                                    "right": "20",
                                    "bottom": "0",
                                    "left": "20",
                                    "isLinked": ""
                                },
                                "_margin": {
                                    "unit": "px",
                                    "top": "0",
                                    "right": "0",
                                    "bottom": "-20",
                                    "left": "0",
                                    "isLinked": ""
                                },
                                "_padding_mobile": {
                                    "unit": "px",
                                    "top": "0",
                                    "right": "0",
                                    "bottom": "0",
                                    "left": "0",
                                    "isLinked": ""
                                }
                            },
                            "elements": [],
                            "isInner": false,
                            "widgetType": "text-editor",
                            "elType": "widget"
                        },
                        {
                            "id": "7893c493",
                            "settings": {
                                "image": {
                                    "url": "https:\/\/energeticthemes.com\/wp-templates\/jewear\/wp-content\/uploads\/sites\/16\/2021\/02\/15.png",
                                    "id": "207"
                                },
                                "width": {
                                    "unit": "px",
                                    "size": "126",
                                    "sizes": []
                                },
                                "space": {
                                    "unit": "px",
                                    "size": "126",
                                    "sizes": []
                                },
                                "height": {
                                    "unit": "px",
                                    "size": "88",
                                    "sizes": []
                                },
                                "opacity": {
                                    "unit": "px",
                                    "size": "0.3",
                                    "sizes": []
                                },
                                "_position": "absolute",
                                "_offset_x": {
                                    "size": "",
                                    "unit": "%"
                                },
                                "_offset_y": {
                                    "size": "11",
                                    "unit": "%"
                                },
                                "_offset_x_mobile": {
                                    "size": "-1.578",
                                    "unit": "px"
                                },
                                "_offset_y_mobile": {
                                    "size": "29.531",
                                    "unit": "px"
                                }
                            },
                            "elements": [],
                            "isInner": false,
                            "widgetType": "image",
                            "elType": "widget"
                        }
                    ],
                    "isInner": "",
                    "elType": "column"
                }
            ],
            "isInner": "",
            "elType": "section"
        },
        {
            "id": "aadb92a",
            "settings": {
                "gap": "wide",
                "background_background": "classic",
                "__globals__": {
                    "background_color": "globals\/colors?id=cd6dc3a"
                },
                "padding": {
                    "unit": "px",
                    "top": "0",
                    "right": "0",
                    "bottom": "80",
                    "left": "0",
                    "isLinked": ""
                }
            },
            "elements": [
                {
                    "id": "74756cad",
                    "settings": {
                        "_column_size": "100"
                    },
                    "elements": [
                        {
                            "id": "7f40303c",
                            "settings": {
                                "allow_order": "",
                                "show_result_count": "",
                                "nothing_found_message": "It seems we can't find what you're looking for.",
                                "column_gap": {
                                    "unit": "px",
                                    "size": "40",
                                    "sizes": []
                                },
                                "row_gap": {
                                    "unit": "px",
                                    "size": "60",
                                    "sizes": []
                                },
                                "image_spacing": {
                                    "unit": "px",
                                    "size": "13",
                                    "sizes": []
                                },
                                "title_color": "#141E39",
                                "title_typography_typography": "custom",
                                "title_typography_font_family": "Playfair Display",
                                "title_typography_font_size": {
                                    "unit": "px",
                                    "size": "20",
                                    "sizes": []
                                },
                                "title_typography_font_weight": "500",
                                "title_typography_line_height": {
                                    "unit": "em",
                                    "size": "1.25",
                                    "sizes": []
                                },
                                "title_spacing": {
                                    "unit": "px",
                                    "size": "6",
                                    "sizes": []
                                },
                                "price_color": "#88553A",
                                "button_background_color": "#02010100",
                                "button_border_border": "solid",
                                "button_border_width": {
                                    "unit": "px",
                                    "top": "0",
                                    "right": "0",
                                    "bottom": "02",
                                    "left": "0",
                                    "isLinked": ""
                                },
                                "button_border_radius": {
                                    "unit": "px",
                                    "top": "0",
                                    "right": "0",
                                    "bottom": "0",
                                    "left": "0",
                                    "isLinked": ""
                                },
                                "button_text_padding": {
                                    "unit": "px",
                                    "top": "0",
                                    "right": "0",
                                    "bottom": "04",
                                    "left": "0",
                                    "isLinked": ""
                                },
                                "__globals__": {
                                    "title_color": "globals\/colors?id=primary",
                                    "title_typography_typography": "globals\/typography?id=3f3f29a",
                                    "price_color": "globals\/colors?id=307cef1",
                                    "price_typography_typography": "globals\/typography?id=bb52f29",
                                    "button_text_color": "globals\/colors?id=secondary",
                                    "button_border_color": "globals\/colors?id=secondary",
                                    "button_hover_color": "globals\/colors?id=307cef1",
                                    "button_hover_border_color": "globals\/colors?id=307cef1",
                                    "pagination_link_color": "globals\/colors?id=10bbf31",
                                    "pagination_link_bg_color": "globals\/colors?id=accent",
                                    "pagination_typography_typography": "",
                                    "pagination_link_bg_color_hover": "globals\/colors?id=307cef1",
                                    "pagination_link_color_hover": "globals\/colors?id=10bbf31",
                                    "pagination_link_color_active": "globals\/colors?id=10bbf31",
                                    "pagination_link_bg_color_active": "globals\/colors?id=307cef1"
                                },
                                "button_text_color": "#646464",
                                "button_border_color": "#646464",
                                "button_hover_color": "#88553A",
                                "button_hover_border_color": "#88553A",
                                "pagination_spacing": {
                                    "unit": "px",
                                    "size": "57",
                                    "sizes": []
                                },
                                "show_pagination_border": "",
                                "pagination_padding": {
                                    "unit": "px",
                                    "size": "15",
                                    "sizes": []
                                },
                                "pagination_typography_typography": "custom",
                                "pagination_typography_font_family": "Playfair Display",
                                "pagination_typography_font_size": {
                                    "unit": "px",
                                    "size": "16",
                                    "sizes": []
                                },
                                "pagination_typography_font_weight": "bold",
                                "pagination_typography_line_height": {
                                    "unit": "em",
                                    "size": "1.25",
                                    "sizes": []
                                },
                                "pagination_link_color": "#FFFFFF",
                                "pagination_link_bg_color": "#837D63",
                                "row_gap_tablet": {
                                    "unit": "px",
                                    "size": "50",
                                    "sizes": []
                                },
                                "pagination_link_color_hover": "#FFFFFF",
                                "pagination_link_bg_color_hover": "#88553A",
                                "pagination_link_color_active": "#FFFFFF",
                                "pagination_link_bg_color_active": "#88553A"
                            },
                            "elements": [],
                            "isInner": false,
                            "widgetType": "wc-archive-products",
                            "elType": "widget"
                        }
                    ],
                    "isInner": "",
                    "elType": "column"
                }
            ],
            "isInner": "",
            "elType": "section"
        }
    ]
}