{
    "version": "0.4",
    "title": "Single Product",
    "type": "product",
    "metadata": {
        "template_type": "single-product",
        "include_in_zip": "1",
        "elementor_pro_required": "1",
        "elementor_library_type": "product",
        "elementor_pro_conditions": [
            "include\/product"
        ],
        "additional_template_information": [
            "This is a \"Product\" template for Elementor Pro.",
            "This template will display on: Products."
        ],
        "wp_page_template": "default"
    },
    "content": [
        {
            "id": "1614dea",
            "settings": {
                "gap": "wide",
                "background_background": "classic",
                "__globals__": {
                    "background_color": "globals\/colors?id=227d258"
                }
            },
            "elements": [
                {
                    "id": "1e2333a3",
                    "settings": {
                        "_column_size": "100"
                    },
                    "elements": [
                        {
                            "id": "51d88a0b",
                            "settings": {
                                "text_color": "#747474",
                                "link_color": "#1C1D1E",
                                "text_typography_typography": "custom",
                                "text_typography_font_family": "Roboto",
                                "text_typography_font_size": {
                                    "unit": "px",
                                    "size": "14",
                                    "sizes": []
                                },
                                "text_typography_font_weight": "bold",
                                "text_typography_line_height": {
                                    "unit": "em",
                                    "size": "1.25",
                                    "sizes": []
                                },
                                "_margin": {
                                    "unit": "px",
                                    "top": "05",
                                    "right": "0",
                                    "bottom": "-13",
                                    "left": "0",
                                    "isLinked": ""
                                },
                                "__globals__": {
                                    "text_color": "globals\/colors?id=accent",
                                    "link_color": "globals\/colors?id=accent",
                                    "text_typography_typography": ""
                                },
                                "alignment": "center",
                                "text_typography_letter_spacing": {
                                    "unit": "px",
                                    "size": "1.5",
                                    "sizes": []
                                }
                            },
                            "elements": [],
                            "isInner": false,
                            "widgetType": "woocommerce-breadcrumb",
                            "elType": "widget"
                        }
                    ],
                    "isInner": "",
                    "elType": "column"
                }
            ],
            "isInner": "",
            "elType": "section"
        },
        {
            "id": "1f517cfc",
            "settings": {
                "gap": "wide",
                "structure": "20",
                "margin": {
                    "unit": "px",
                    "top": "",
                    "right": "0",
                    "bottom": "",
                    "left": "0",
                    "isLinked": "1"
                },
                "margin_tablet": {
                    "unit": "px",
                    "top": "0",
                    "right": "0",
                    "bottom": "0",
                    "left": "0",
                    "isLinked": ""
                },
                "reverse_order_tablet": "reverse-tablet",
                "reverse_order_mobile": "reverse-mobile",
                "margin_mobile": {
                    "unit": "px",
                    "top": "",
                    "right": "0",
                    "bottom": "",
                    "left": "0",
                    "isLinked": "1"
                },
                "background_background": "classic",
                "background_position": "top left",
                "background_repeat": "repeat",
                "background_size": "contain",
                "__globals__": {
                    "background_color": "globals\/colors?id=cd6dc3a"
                },
                "padding": {
                    "unit": "px",
                    "top": "80",
                    "right": "0",
                    "bottom": "37",
                    "left": "0",
                    "isLinked": ""
                },
                "padding_tablet": {
                    "unit": "px",
                    "top": "40",
                    "right": "0",
                    "bottom": "0",
                    "left": "0",
                    "isLinked": ""
                }
            },
            "elements": [
                {
                    "id": "4db99630",
                    "settings": {
                        "_column_size": "50",
                        "margin": {
                            "unit": "px",
                            "top": "40",
                            "right": "0",
                            "bottom": "0",
                            "left": "0",
                            "isLinked": ""
                        },
                        "_inline_size_tablet": "100",
                        "margin_tablet": {
                            "unit": "px",
                            "top": "-40",
                            "right": "0",
                            "bottom": "0",
                            "left": "0",
                            "isLinked": ""
                        }
                    },
                    "elements": [
                        {
                            "id": "384909a2",
                            "settings": {
                                "__dynamic__": {
                                    "title": "[elementor-tag id=\"\" name=\"woocommerce-product-title-tag\" settings=\"%7B%22before%22%3A%22%22%2C%22after%22%3A%22%22%2C%22fallback%22%3A%22%22%7D\"]"
                                },
                                "title": "Add Your Heading Text Here",
                                "_margin": {
                                    "unit": "px",
                                    "top": "0",
                                    "right": "0",
                                    "bottom": "-05",
                                    "left": "0",
                                    "isLinked": ""
                                },
                                "__globals__": {
                                    "title_color": "globals\/colors?id=primary",
                                    "typography_typography": "globals\/typography?id=primary"
                                }
                            },
                            "elements": [],
                            "isInner": false,
                            "widgetType": "woocommerce-product-title",
                            "elType": "widget"
                        },
                        {
                            "id": "62c60008",
                            "settings": {
                                "_margin": {
                                    "unit": "px",
                                    "top": "9",
                                    "right": "0",
                                    "bottom": "-07",
                                    "left": "0",
                                    "isLinked": ""
                                },
                                "__globals__": {
                                    "price_color": "globals\/colors?id=307cef1",
                                    "sale_price_color": "globals\/colors?id=307cef1",
                                    "typography_typography": "globals\/typography?id=e9c1763"
                                },
                                "price_color": "#88553A",
                                "sale_price_color": "#88553A"
                            },
                            "elements": [],
                            "isInner": false,
                            "widgetType": "woocommerce-product-price",
                            "elType": "widget"
                        },
                        {
                            "id": "2df5849b",
                            "settings": {
                                "star_size": {
                                    "unit": "em",
                                    "size": "1",
                                    "sizes": []
                                },
                                "space_between": {
                                    "unit": "em",
                                    "size": "4",
                                    "sizes": []
                                },
                                "_margin": {
                                    "unit": "px",
                                    "top": "03",
                                    "right": "0",
                                    "bottom": "0",
                                    "left": "0",
                                    "isLinked": ""
                                },
                                "__globals__": {
                                    "empty_star_color": "globals\/colors?id=accent",
                                    "star_color": "globals\/colors?id=accent",
                                    "link_color": "globals\/colors?id=accent"
                                }
                            },
                            "elements": [],
                            "isInner": false,
                            "widgetType": "woocommerce-product-rating",
                            "elType": "widget"
                        },
                        {
                            "id": "76248957",
                            "settings": {
                                "_margin": {
                                    "unit": "px",
                                    "top": "11",
                                    "right": "60",
                                    "bottom": "-8",
                                    "left": "0",
                                    "isLinked": ""
                                },
                                "text_color": "#646464",
                                "text_typography_typography": "custom",
                                "text_typography_font_family": "Roboto",
                                "text_typography_font_size": {
                                    "unit": "px",
                                    "size": "16",
                                    "sizes": []
                                },
                                "text_typography_font_weight": "400",
                                "text_typography_line_height": {
                                    "unit": "em",
                                    "size": "1.75",
                                    "sizes": []
                                },
                                "__globals__": {
                                    "text_color": "globals\/colors?id=text",
                                    "text_typography_typography": ""
                                }
                            },
                            "elements": [],
                            "isInner": false,
                            "widgetType": "woocommerce-product-short-description",
                            "elType": "widget"
                        },
                        {
                            "id": "293d331c",
                            "settings": {
                                "button_typography_typography": "custom",
                                "button_typography_font_family": "Heebo",
                                "button_typography_font_size": {
                                    "unit": "px",
                                    "size": "16",
                                    "sizes": []
                                },
                                "button_typography_font_weight": "500",
                                "button_typography_line_height": {
                                    "unit": "px",
                                    "size": "28",
                                    "sizes": []
                                },
                                "button_border_border": "solid",
                                "button_border_width": {
                                    "unit": "px",
                                    "top": "01",
                                    "right": "01",
                                    "bottom": "01",
                                    "left": "01",
                                    "isLinked": "1"
                                },
                                "button_border_radius": {
                                    "unit": "px",
                                    "top": "35",
                                    "right": "35",
                                    "bottom": "35",
                                    "left": "35",
                                    "isLinked": "1"
                                },
                                "button_padding": {
                                    "unit": "px",
                                    "top": "13",
                                    "right": "40",
                                    "bottom": "10",
                                    "left": "40",
                                    "isLinked": ""
                                },
                                "spacing": {
                                    "unit": "px",
                                    "size": "8",
                                    "sizes": []
                                },
                                "quantity_border_border": "solid",
                                "quantity_border_width": {
                                    "unit": "px",
                                    "top": "02",
                                    "right": "02",
                                    "bottom": "02",
                                    "left": "02",
                                    "isLinked": ""
                                },
                                "quantity_border_radius": {
                                    "unit": "px",
                                    "top": "30",
                                    "right": "30",
                                    "bottom": "30",
                                    "left": "30",
                                    "isLinked": ""
                                },
                                "quantity_padding": {
                                    "unit": "px",
                                    "top": "10",
                                    "right": "0",
                                    "bottom": "12",
                                    "left": "0",
                                    "isLinked": ""
                                },
                                "quantity_bg_color": "#1C1D1E00",
                                "_margin": {
                                    "unit": "px",
                                    "top": "20",
                                    "right": "0",
                                    "bottom": "0",
                                    "left": "0",
                                    "isLinked": ""
                                },
                                "__globals__": {
                                    "button_typography_typography": "",
                                    "button_text_color": "globals\/colors?id=10bbf31",
                                    "button_bg_color": "globals\/colors?id=accent",
                                    "button_border_color": "globals\/colors?id=accent",
                                    "button_border_color_hover": "globals\/colors?id=10bbf31",
                                    "button_bg_color_hover": "globals\/colors?id=10bbf31",
                                    "button_text_color_hover": "globals\/colors?id=accent",
                                    "quantity_bg_color": "",
                                    "quantity_text_color": "",
                                    "quantity_border_color": "globals\/colors?id=accent",
                                    "quantity_border_color_focus": "",
                                    "quantity_text_color_focus": "",
                                    "variations_select_color": "globals\/colors?id=accent",
                                    "quantity_typography_typography": ""
                                },
                                "quantity_text_color": "#4C4C4C",
                                "quantity_border_color": "#837D63",
                                "button_bg_color": "#837D63",
                                "button_border_color": "#837D63",
                                "quantity_text_color_focus": "#4C4C4C",
                                "quantity_border_color_focus": "#BC5E49",
                                "button_text_color": "#FFFFFF",
                                "button_text_color_hover": "#837D63",
                                "button_bg_color_hover": "#FFFFFF",
                                "button_border_color_hover": "#FFFFFF",
                                "quantity_typography_typography": "custom",
                                "quantity_typography_font_family": "Roboto",
                                "quantity_typography_font_size": {
                                    "unit": "px",
                                    "size": "18",
                                    "sizes": []
                                },
                                "quantity_typography_font_weight": "bold",
                                "quantity_typography_line_height": {
                                    "unit": "em",
                                    "size": "1.25",
                                    "sizes": []
                                },
                                "variations_select_color": "#837D63",
                                "variations_width": {
                                    "unit": "%",
                                    "size": "0",
                                    "sizes": []
                                }
                            },
                            "elements": [],
                            "isInner": false,
                            "widgetType": "woocommerce-product-add-to-cart",
                            "elType": "widget"
                        },
                        {
                            "id": "66ba1375",
                            "settings": {
                                "view": "stacked",
                                "space_between": {
                                    "unit": "px",
                                    "size": "-10",
                                    "sizes": []
                                },
                                "_margin": {
                                    "unit": "px",
                                    "top": "21",
                                    "right": "0",
                                    "bottom": "0",
                                    "left": "0",
                                    "isLinked": ""
                                },
                                "__globals__": {
                                    "text_typography_typography": "globals\/typography?id=d25b57c",
                                    "link_typography_typography": "globals\/typography?id=d25b57c",
                                    "link_color": "globals\/colors?id=text",
                                    "text_color": "globals\/colors?id=text"
                                }
                            },
                            "elements": [],
                            "isInner": false,
                            "widgetType": "woocommerce-product-meta",
                            "elType": "widget"
                        }
                    ],
                    "isInner": "",
                    "elType": "column"
                },
                {
                    "id": "320be812",
                    "settings": {
                        "_column_size": "50",
                        "_inline_size_tablet": "100"
                    },
                    "elements": [
                        {
                            "id": "e8e5adb",
                            "settings": {
                                "spacing": {
                                    "unit": "px",
                                    "size": "20",
                                    "sizes": []
                                },
                                "spacing_thumbs": {
                                    "unit": "px",
                                    "size": "20",
                                    "sizes": []
                                },
                                "image_border_radius": {
                                    "unit": "px",
                                    "top": "316",
                                    "right": "316",
                                    "bottom": "0",
                                    "left": "0",
                                    "isLinked": ""
                                },
                                "thumbs_border_radius": {
                                    "unit": "px",
                                    "top": "0",
                                    "right": "0",
                                    "bottom": "0",
                                    "left": "0",
                                    "isLinked": "1"
                                },
                                "_z_index": "5"
                            },
                            "elements": [],
                            "isInner": false,
                            "widgetType": "woocommerce-product-images",
                            "elType": "widget"
                        },
                        {
                            "id": "459041f7",
                            "settings": {
                                "image": {
                                    "url": "https:\/\/energeticthemes.com\/wp-templates\/jewear\/wp-content\/uploads\/sites\/16\/2021\/02\/13.png",
                                    "id": "205"
                                },
                                "opacity": {
                                    "unit": "px",
                                    "size": "1",
                                    "sizes": []
                                },
                                "_z_index": "2",
                                "_position": "absolute",
                                "_offset_x": {
                                    "size": "34",
                                    "unit": "%"
                                },
                                "_offset_y": {
                                    "size": "11",
                                    "unit": "%"
                                },
                                "_offset_x_tablet": {
                                    "size": "217.594",
                                    "unit": "px"
                                },
                                "_offset_y_tablet": {
                                    "size": "126.719",
                                    "unit": "px"
                                },
                                "hide_mobile": "hidden-phone",
                                "hide_tablet": "hidden-tablet"
                            },
                            "elements": [],
                            "isInner": false,
                            "widgetType": "image",
                            "elType": "widget"
                        },
                        {
                            "id": "658e2862",
                            "settings": {
                                "image": {
                                    "url": "https:\/\/energeticthemes.com\/wp-templates\/jewear\/wp-content\/uploads\/sites\/16\/2021\/02\/5-2.png",
                                    "id": "4008"
                                },
                                "_z_index": "1",
                                "_position": "absolute",
                                "_offset_x": {
                                    "size": "27",
                                    "unit": "%"
                                },
                                "_offset_y": {
                                    "size": "5",
                                    "unit": "%"
                                },
                                "_offset_x_tablet": {
                                    "size": "87.516",
                                    "unit": "px"
                                },
                                "_offset_y_tablet": {
                                    "size": "275.797",
                                    "unit": "px"
                                },
                                "hide_mobile": "hidden-phone",
                                "hide_tablet": "hidden-tablet"
                            },
                            "elements": [],
                            "isInner": false,
                            "widgetType": "image",
                            "elType": "widget"
                        }
                    ],
                    "isInner": "",
                    "elType": "column"
                }
            ],
            "isInner": "",
            "elType": "section"
        },
        {
            "id": "27fe220d",
            "settings": {
                "gap": "wide",
                "background_background": "classic",
                "__globals__": {
                    "background_color": "globals\/colors?id=71786a0"
                },
                "padding": {
                    "unit": "px",
                    "top": "100",
                    "right": "0",
                    "bottom": "57",
                    "left": "0",
                    "isLinked": ""
                },
                "padding_tablet": {
                    "unit": "px",
                    "top": "80",
                    "right": "0",
                    "bottom": "40",
                    "left": "0",
                    "isLinked": ""
                },
                "padding_mobile": {
                    "unit": "px",
                    "top": "60",
                    "right": "0",
                    "bottom": "20",
                    "left": "0",
                    "isLinked": ""
                },
                "background_position": "top left",
                "background_repeat": "repeat",
                "background_size": "contain"
            },
            "elements": [
                {
                    "id": "54e99754",
                    "settings": {
                        "_column_size": "100",
                        "padding": {
                            "unit": "%",
                            "top": "0",
                            "right": "20",
                            "bottom": "0",
                            "left": "20",
                            "isLinked": ""
                        },
                        "padding_tablet": {
                            "unit": "px",
                            "top": "0",
                            "right": "0",
                            "bottom": "0",
                            "left": "0",
                            "isLinked": ""
                        },
                        "padding_mobile": {
                            "unit": "px",
                            "top": "0",
                            "right": "0",
                            "bottom": "0",
                            "left": "0",
                            "isLinked": ""
                        }
                    },
                    "elements": [
                        {
                            "id": "2b383660",
                            "settings": {
                                "tab_typography_typography": "custom",
                                "tab_typography_font_family": "Poppins",
                                "tab_typography_font_size": {
                                    "unit": "px",
                                    "size": "20",
                                    "sizes": []
                                },
                                "tab_typography_font_weight": "600",
                                "tab_typography_line_height": {
                                    "unit": "em",
                                    "size": "1.3",
                                    "sizes": []
                                },
                                "tab_border_radius": {
                                    "unit": "px",
                                    "size": "0",
                                    "sizes": []
                                },
                                "text_color": "#2A5631",
                                "content_typography_typography": "custom",
                                "content_typography_font_family": "Roboto",
                                "content_typography_font_weight": "400",
                                "content_typography_line_height": {
                                    "unit": "px",
                                    "size": "28",
                                    "sizes": []
                                },
                                "heading_color": "#2A5631",
                                "content_heading_typography_typography": "custom",
                                "content_heading_typography_font_family": "Poppins",
                                "content_heading_typography_font_size": {
                                    "unit": "px",
                                    "size": "16",
                                    "sizes": []
                                },
                                "content_heading_typography_font_weight": "600",
                                "content_heading_typography_line_height": {
                                    "unit": "em",
                                    "size": "1.3",
                                    "sizes": []
                                },
                                "__globals__": {
                                    "tab_typography_typography": "",
                                    "tab_bg_color": "globals\/colors?id=227d258",
                                    "tabs_border_color": "globals\/colors?id=227d258",
                                    "text_color": "globals\/colors?id=primary",
                                    "content_typography_typography": "globals\/typography?id=text",
                                    "heading_color": "globals\/colors?id=accent",
                                    "content_heading_typography_typography": "",
                                    "active_tab_bg_color": "",
                                    "active_tab_text_color": "",
                                    "tab_text_color": "globals\/colors?id=secondary",
                                    "active_tabs_border_color": ""
                                },
                                "active_tab_text_color": "#4C4C4C",
                                "tab_text_color": "#BC5E49",
                                "tab_typography_font_size_mobile": {
                                    "unit": "px",
                                    "size": "11",
                                    "sizes": []
                                },
                                "content_typography_font_size": {
                                    "unit": "px",
                                    "size": "16",
                                    "sizes": []
                                }
                            },
                            "elements": [],
                            "isInner": false,
                            "widgetType": "woocommerce-product-data-tabs",
                            "elType": "widget"
                        }
                    ],
                    "isInner": "",
                    "elType": "column"
                }
            ],
            "isInner": "",
            "elType": "section"
        },
        {
            "id": "5f06dae5",
            "settings": {
                "gap": "wide",
                "margin": {
                    "unit": "px",
                    "top": "",
                    "right": "0",
                    "bottom": "",
                    "left": "0",
                    "isLinked": "1"
                },
                "margin_tablet": {
                    "unit": "px",
                    "top": "",
                    "right": "0",
                    "bottom": "",
                    "left": "0",
                    "isLinked": "1"
                },
                "margin_mobile": {
                    "unit": "px",
                    "top": "",
                    "right": "0",
                    "bottom": "",
                    "left": "0",
                    "isLinked": "1"
                },
                "background_background": "classic",
                "padding": {
                    "unit": "px",
                    "top": "73",
                    "right": "0",
                    "bottom": "52",
                    "left": "0",
                    "isLinked": ""
                },
                "__globals__": {
                    "background_color": "globals\/colors?id=cd6dc3a"
                }
            },
            "elements": [
                {
                    "id": "7cf5e406",
                    "settings": {
                        "_column_size": "100"
                    },
                    "elements": [
                        {
                            "id": "4368d8f9",
                            "settings": {
                                "title": "jewellry",
                                "align": "center",
                                "_margin": {
                                    "unit": "px",
                                    "top": "0",
                                    "right": "0",
                                    "bottom": "-19",
                                    "left": "0",
                                    "isLinked": ""
                                },
                                "_z_index": "2",
                                "__globals__": {
                                    "title_color": "globals\/colors?id=307cef1",
                                    "typography_typography": "globals\/typography?id=0738e5a"
                                }
                            },
                            "elements": [],
                            "isInner": false,
                            "widgetType": "heading",
                            "elType": "widget"
                        },
                        {
                            "id": "4e2eeaf6",
                            "settings": {
                                "posts_per_page": "3",
                                "columns": "3",
                                "columns_tablet": "1",
                                "column_gap": {
                                    "unit": "px",
                                    "size": "40",
                                    "sizes": []
                                },
                                "row_gap": {
                                    "unit": "px",
                                    "size": "60",
                                    "sizes": []
                                },
                                "image_spacing": {
                                    "unit": "px",
                                    "size": "13",
                                    "sizes": []
                                },
                                "title_typography_typography": "custom",
                                "title_typography_font_family": "Playfair Display",
                                "title_typography_font_size": {
                                    "unit": "px",
                                    "size": "20",
                                    "sizes": []
                                },
                                "title_typography_font_weight": "500",
                                "title_typography_line_height": {
                                    "unit": "em",
                                    "size": "1.25",
                                    "sizes": []
                                },
                                "title_spacing": {
                                    "unit": "px",
                                    "size": "6",
                                    "sizes": []
                                },
                                "rating_spacing": {
                                    "unit": "px",
                                    "size": "15",
                                    "sizes": []
                                },
                                "price_color": "#88553A",
                                "price_typography_typography": "custom",
                                "price_typography_font_family": "Roboto",
                                "price_typography_font_size": {
                                    "unit": "px",
                                    "size": "16",
                                    "sizes": []
                                },
                                "price_typography_font_weight": "bold",
                                "price_typography_line_height": {
                                    "unit": "em",
                                    "size": "1.25",
                                    "sizes": []
                                },
                                "button_text_color": "#646464",
                                "button_background_color": "#02010100",
                                "button_border_color": "#646464",
                                "button_hover_color": "#88553A",
                                "button_hover_border_color": "#88553A",
                                "button_border_border": "solid",
                                "button_border_width": {
                                    "unit": "px",
                                    "top": "0",
                                    "right": "0",
                                    "bottom": "02",
                                    "left": "0",
                                    "isLinked": ""
                                },
                                "button_border_radius": {
                                    "unit": "px",
                                    "top": "0",
                                    "right": "0",
                                    "bottom": "0",
                                    "left": "0",
                                    "isLinked": ""
                                },
                                "button_text_padding": {
                                    "unit": "px",
                                    "top": "0",
                                    "right": "0",
                                    "bottom": "04",
                                    "left": "0",
                                    "isLinked": ""
                                },
                                "heading_typography_typography": "custom",
                                "heading_typography_font_family": "Playfair Display",
                                "heading_typography_font_size": {
                                    "unit": "px",
                                    "size": "28",
                                    "sizes": []
                                },
                                "heading_typography_font_weight": "400",
                                "heading_typography_line_height": {
                                    "unit": "px",
                                    "size": "36",
                                    "sizes": []
                                },
                                "heading_text_align": "center",
                                "heading_spacing": {
                                    "unit": "px",
                                    "size": "61",
                                    "sizes": []
                                },
                                "pagination_spacing": {
                                    "unit": "px",
                                    "size": "57",
                                    "sizes": []
                                },
                                "show_pagination_border": "",
                                "pagination_padding": {
                                    "unit": "px",
                                    "size": "15",
                                    "sizes": []
                                },
                                "pagination_link_color": "#141E39",
                                "__globals__": {
                                    "button_typography_typography": "",
                                    "button_border_color": "globals\/colors?id=secondary",
                                    "button_text_color": "globals\/colors?id=secondary",
                                    "button_hover_color": "globals\/colors?id=307cef1",
                                    "button_hover_border_color": "globals\/colors?id=307cef1",
                                    "price_color": "globals\/colors?id=307cef1",
                                    "price_typography_typography": "",
                                    "title_typography_typography": "",
                                    "pagination_link_color": "globals\/colors?id=10bbf31",
                                    "pagination_link_bg_color": "globals\/colors?id=accent",
                                    "pagination_link_bg_color_active": "globals\/colors?id=307cef1",
                                    "pagination_link_bg_color_hover": "globals\/colors?id=307cef1",
                                    "pagination_link_color_hover": "globals\/colors?id=10bbf31",
                                    "heading_typography_typography": "",
                                    "title_color": "globals\/colors?id=primary",
                                    "pagination_typography_typography": "",
                                    "pagination_link_color_active": "globals\/colors?id=10bbf31"
                                },
                                "title_color": "#141E39",
                                "pagination_typography_typography": "custom",
                                "pagination_typography_font_family": "Playfair Display",
                                "pagination_typography_font_size": {
                                    "unit": "px",
                                    "size": "16",
                                    "sizes": []
                                },
                                "pagination_typography_font_weight": "bold",
                                "pagination_typography_line_height": {
                                    "unit": "em",
                                    "size": "1.25",
                                    "sizes": []
                                },
                                "pagination_link_bg_color": "#88553A",
                                "_z_index": "3",
                                "row_gap_tablet": {
                                    "unit": "px",
                                    "size": "50",
                                    "sizes": []
                                }
                            },
                            "elements": [],
                            "isInner": false,
                            "widgetType": "woocommerce-product-related",
                            "elType": "widget"
                        },
                        {
                            "id": "4d93f256",
                            "settings": {
                                "image": {
                                    "url": "https:\/\/energeticthemes.com\/wp-templates\/jewear\/wp-content\/uploads\/sites\/16\/2021\/02\/5-1.png",
                                    "id": "991"
                                },
                                "_position": "absolute",
                                "_offset_x": {
                                    "size": "1",
                                    "unit": "%"
                                },
                                "_offset_y": {
                                    "size": "-4",
                                    "unit": "%"
                                },
                                "_offset_x_tablet": {
                                    "size": "2",
                                    "unit": "px"
                                },
                                "_offset_y_tablet": {
                                    "size": "-28.687",
                                    "unit": "px"
                                }
                            },
                            "elements": [],
                            "isInner": false,
                            "widgetType": "image",
                            "elType": "widget"
                        }
                    ],
                    "isInner": "",
                    "elType": "column"
                }
            ],
            "isInner": "",
            "elType": "section"
        }
    ]
}