{
    "version": "0.4",
    "title": "Single Post",
    "type": "single-post",
    "metadata": {
        "template_type": "single-post",
        "include_in_zip": "1",
        "elementor_pro_required": "1",
        "elementor_library_type": "single-post",
        "elementor_pro_conditions": [
            "include\/singular\/post"
        ],
        "additional_template_information": [
            "This is a \"Single Post\" template for Elementor Pro.",
            "This template will display on: Posts."
        ],
        "wp_page_template": "default"
    },
    "content": [
        {
            "id": "6543abd0",
            "settings": {
                "gap": "wide",
                "background_background": "classic",
                "padding": {
                    "unit": "px",
                    "top": "80",
                    "right": "0",
                    "bottom": "0",
                    "left": "0",
                    "isLinked": ""
                },
                "__globals__": {
                    "background_color": "globals\/colors?id=cd6dc3a"
                }
            },
            "elements": [
                {
                    "id": "156442af",
                    "settings": {
                        "_column_size": "100"
                    },
                    "elements": [
                        {
                            "id": "97f0f37",
                            "settings": {
                                "icon_list": [
                                    {
                                        "selected_icon": {
                                            "value": "fas fa-calendar",
                                            "library": "fa-solid"
                                        },
                                        "_id": "2792232",
                                        "custom_date_format": "F j, Y",
                                        "custom_time_format": "g:i a",
                                        "show_icon": "none"
                                    },
                                    {
                                        "_id": "f8fbe05",
                                        "type": "terms",
                                        "custom_date_format": "F j, Y",
                                        "custom_time_format": "g:i a",
                                        "taxonomy": "category",
                                        "show_icon": "none"
                                    }
                                ],
                                "icon_align": "center",
                                "divider": "yes",
                                "divider_weight": {
                                    "unit": "px",
                                    "size": 8,
                                    "sizes": []
                                },
                                "divider_height": {
                                    "unit": "px",
                                    "size": 1,
                                    "sizes": []
                                },
                                "text_indent": {
                                    "unit": "px",
                                    "size": 10,
                                    "sizes": []
                                },
                                "__globals__": {
                                    "text_color": "globals\/colors?id=307cef1",
                                    "icon_typography_typography": "globals\/typography?id=e3f5d9c",
                                    "divider_color": "globals\/colors?id=307cef1"
                                },
                                "space_between": {
                                    "unit": "px",
                                    "size": 30,
                                    "sizes": []
                                },
                                "divider_color": "#88553A",
                                "text_color": "#88553A",
                                "_z_index": 1
                            },
                            "elements": [],
                            "isInner": false,
                            "widgetType": "post-info",
                            "elType": "widget"
                        },
                        {
                            "id": "20b87fca",
                            "settings": {
                                "title": "Add Your Heading Text Here",
                                "align": "center",
                                "__dynamic__": {
                                    "title": "[elementor-tag id=\"c7e75e2\" name=\"post-title\" settings=\"%7B%7D\"]"
                                },
                                "__globals__": {
                                    "typography_typography": "globals\/typography?id=6c6f551"
                                },
                                "_z_index": 2
                            },
                            "elements": [],
                            "isInner": false,
                            "widgetType": "heading",
                            "elType": "widget"
                        },
                        {
                            "id": "2c433a49",
                            "settings": {
                                "__dynamic__": {
                                    "image": "[elementor-tag id=\"\" name=\"post-featured-image\" settings=\"%7B%22fallback%22%3A%7B%22url%22%3A%22%22%2C%22id%22%3A%22%22%7D%7D\"]"
                                },
                                "width": {
                                    "unit": "%",
                                    "size": "100",
                                    "sizes": []
                                },
                                "space": {
                                    "unit": "%",
                                    "size": "100",
                                    "sizes": []
                                },
                                "height": {
                                    "unit": "px",
                                    "size": "658",
                                    "sizes": []
                                },
                                "object-fit": "cover",
                                "_padding": {
                                    "unit": "px",
                                    "top": "62",
                                    "right": "0",
                                    "bottom": "38",
                                    "left": "0",
                                    "isLinked": ""
                                },
                                "image_size": "full"
                            },
                            "elements": [],
                            "isInner": false,
                            "widgetType": "theme-post-featured-image",
                            "elType": "widget"
                        },
                        {
                            "id": "1405c74e",
                            "settings": {
                                "image": {
                                    "url": "https:\/\/energeticthemes.com\/wp-templates\/jewear\/wp-content\/uploads\/sites\/16\/2021\/02\/15.png",
                                    "id": "207"
                                },
                                "width": {
                                    "unit": "px",
                                    "size": "126",
                                    "sizes": []
                                },
                                "space": {
                                    "unit": "px",
                                    "size": "126",
                                    "sizes": []
                                },
                                "height": {
                                    "unit": "px",
                                    "size": "88",
                                    "sizes": []
                                },
                                "opacity": {
                                    "unit": "px",
                                    "size": "0.3",
                                    "sizes": []
                                },
                                "_position": "absolute",
                                "_offset_x": {
                                    "size": "-0.476",
                                    "unit": "%"
                                },
                                "_offset_y": {
                                    "size": "-0.441",
                                    "unit": "%"
                                },
                                "_offset_x_mobile": {
                                    "size": "-1.578",
                                    "unit": "px"
                                },
                                "_offset_y_mobile": {
                                    "size": "29.531",
                                    "unit": "px"
                                },
                                "_z_index": 0
                            },
                            "elements": [],
                            "isInner": false,
                            "widgetType": "image",
                            "elType": "widget"
                        }
                    ],
                    "isInner": "",
                    "elType": "column"
                }
            ],
            "isInner": "",
            "elType": "section"
        },
        {
            "id": "1996e672",
            "settings": {
                "gap": "wide",
                "structure": "22",
                "background_background": "classic",
                "__globals__": {
                    "background_color": "globals\/colors?id=cd6dc3a"
                }
            },
            "elements": [
                {
                    "id": "11f0fa1f",
                    "settings": {
                        "_column_size": "66"
                    },
                    "elements": [
                        {
                            "id": "62434a24",
                            "settings": [],
                            "elements": [],
                            "isInner": false,
                            "widgetType": "theme-post-content",
                            "elType": "widget"
                        }
                    ],
                    "isInner": "",
                    "elType": "column"
                },
                {
                    "id": "70863f5b",
                    "settings": {
                        "_column_size": "33"
                    },
                    "elements": [
                        {
                            "id": "6d0194b8",
                            "settings": {
                                "placeholder": "Search...",
                                "button_text": "Search",
                                "input_background_color": "#02010100",
                                "input_border_color": "#646464",
                                "input_background_color_focus": "#02010100",
                                "button_border_width": {
                                    "unit": "px",
                                    "top": "01",
                                    "right": "01",
                                    "bottom": "01",
                                    "left": "01",
                                    "isLinked": "1"
                                },
                                "button_background_color": "#64646400",
                                "_margin": {
                                    "unit": "px",
                                    "top": "16",
                                    "right": "0",
                                    "bottom": "0",
                                    "left": "0",
                                    "isLinked": ""
                                },
                                "__globals__": {
                                    "input_border_color": "globals\/colors?id=primary",
                                    "button_background_color": "",
                                    "button_text_color": "globals\/colors?id=secondary"
                                },
                                "border_radius": {
                                    "unit": "px",
                                    "size": 2,
                                    "sizes": []
                                }
                            },
                            "elements": [],
                            "isInner": false,
                            "widgetType": "search-form",
                            "elType": "widget"
                        },
                        {
                            "id": "77295cb9",
                            "settings": {
                                "wp": {
                                    "title": "",
                                    "count": "on",
                                    "hierarchical": "on"
                                },
                                "_margin": {
                                    "unit": "px",
                                    "top": "30",
                                    "right": "0",
                                    "bottom": "0",
                                    "left": "0",
                                    "isLinked": false
                                }
                            },
                            "elements": [],
                            "isInner": false,
                            "widgetType": "wp-widget-categories",
                            "elType": "widget"
                        },
                        {
                            "id": "19b2dd82",
                            "settings": {
                                "title": "Latest posts:",
                                "header_size": "h4",
                                "_margin": {
                                    "unit": "px",
                                    "top": "30",
                                    "right": "0",
                                    "bottom": "20",
                                    "left": "0",
                                    "isLinked": ""
                                }
                            },
                            "elements": [],
                            "isInner": false,
                            "widgetType": "heading",
                            "elType": "widget"
                        },
                        {
                            "id": "6fed4563",
                            "settings": {
                                "classic_columns": "1",
                                "classic_meta_separator": "-",
                                "classic_read_more_text": "Read More \u00bb",
                                "cards_meta_separator": "\u2022",
                                "cards_read_more_text": "Read More \u00bb",
                                "full_content_meta_separator": "\/\/\/",
                                "pagination_page_limit": "5",
                                "pagination_prev_label": "&laquo; Previous",
                                "pagination_next_label": "Next &raquo;",
                                "classic_posts_per_page": "3",
                                "classic_thumbnail": "left",
                                "classic_item_ratio": {
                                    "unit": "px",
                                    "size": 1,
                                    "sizes": []
                                },
                                "classic_image_width": {
                                    "unit": "px",
                                    "size": 70,
                                    "sizes": []
                                },
                                "classic_excerpt_length": 15,
                                "classic_meta_data": [
                                    "author",
                                    "date"
                                ],
                                "classic_show_read_more": "",
                                "classic_column_gap": {
                                    "unit": "px",
                                    "size": "",
                                    "sizes": []
                                },
                                "classic_row_gap": {
                                    "unit": "px",
                                    "size": 40,
                                    "sizes": []
                                },
                                "classic_img_border_radius": {
                                    "unit": "px",
                                    "top": "0",
                                    "right": "0",
                                    "bottom": "0",
                                    "left": "0",
                                    "isLinked": true
                                },
                                "classic_title_color": "#141E39",
                                "classic_title_typography_typography": "custom",
                                "classic_title_typography_font_family": "Playfair Display",
                                "classic_title_typography_font_size": {
                                    "unit": "px",
                                    "size": "20",
                                    "sizes": []
                                },
                                "classic_title_typography_font_weight": "500",
                                "classic_title_typography_line_height": {
                                    "unit": "em",
                                    "size": "1.25",
                                    "sizes": []
                                },
                                "classic_title_spacing": {
                                    "unit": "px",
                                    "size": 14,
                                    "sizes": []
                                },
                                "classic_meta_color": "#88553A",
                                "classic_meta_separator_color": "#88553A",
                                "classic_meta_typography_typography": "custom",
                                "classic_meta_typography_font_family": "Playfair Display",
                                "classic_meta_typography_font_size": {
                                    "unit": "px",
                                    "size": "12",
                                    "sizes": []
                                },
                                "classic_meta_typography_font_weight": "bold",
                                "classic_meta_typography_text_transform": "uppercase",
                                "classic_meta_typography_line_height": {
                                    "unit": "em",
                                    "size": "1.25",
                                    "sizes": []
                                },
                                "classic_meta_typography_letter_spacing": {
                                    "unit": "px",
                                    "size": "2.2",
                                    "sizes": []
                                },
                                "classic_excerpt_color": "#646464",
                                "classic_excerpt_typography_typography": "custom",
                                "classic_excerpt_typography_font_family": "Roboto",
                                "classic_excerpt_typography_font_size": {
                                    "unit": "px",
                                    "size": 12,
                                    "sizes": []
                                },
                                "classic_excerpt_typography_font_weight": "400",
                                "classic_excerpt_typography_line_height": {
                                    "unit": "em",
                                    "size": "1.75",
                                    "sizes": []
                                },
                                "_element_width": "auto",
                                "_element_vertical_align": "flex-end",
                                "__globals__": {
                                    "classic_title_color": "globals\/colors?id=primary",
                                    "classic_title_typography_typography": "",
                                    "classic_excerpt_color": "globals\/colors?id=text",
                                    "classic_excerpt_typography_typography": "globals\/typography?id=text",
                                    "classic_meta_color": "globals\/colors?id=307cef1",
                                    "classic_meta_separator_color": "globals\/colors?id=307cef1",
                                    "classic_meta_typography_typography": ""
                                },
                                "classic_show_excerpt": "",
                                "classic_alignment": "left",
                                "classic_box_border_radius": {
                                    "unit": "px",
                                    "size": 0,
                                    "sizes": []
                                },
                                "classic_image_spacing": {
                                    "unit": "px",
                                    "size": 25,
                                    "sizes": []
                                }
                            },
                            "elements": [],
                            "isInner": false,
                            "widgetType": "posts",
                            "elType": "widget"
                        },
                        {
                            "id": "6ae0f565",
                            "settings": {
                                "wp": {
                                    "title": "",
                                    "taxonomy": "post_tag",
                                    "count": "on"
                                },
                                "_margin": {
                                    "unit": "px",
                                    "top": "60",
                                    "right": "0",
                                    "bottom": "0",
                                    "left": "0",
                                    "isLinked": false
                                }
                            },
                            "elements": [],
                            "isInner": false,
                            "widgetType": "wp-widget-tag_cloud",
                            "elType": "widget"
                        }
                    ],
                    "isInner": "",
                    "elType": "column"
                }
            ],
            "isInner": "",
            "elType": "section"
        },
        {
            "id": "2046315d",
            "settings": {
                "gap": "wide",
                "structure": "20",
                "background_background": "classic",
                "__globals__": {
                    "background_color": "globals\/colors?id=cd6dc3a"
                },
                "padding": {
                    "unit": "px",
                    "top": "0",
                    "right": "0",
                    "bottom": "90",
                    "left": "0",
                    "isLinked": ""
                }
            },
            "elements": [
                {
                    "id": "7fb8a3d3",
                    "settings": {
                        "_column_size": "50",
                        "_inline_size": "66.666666666667"
                    },
                    "elements": [
                        {
                            "id": "371dc90a",
                            "settings": {
                                "icon_list": [
                                    {
                                        "_id": "4dbbb26",
                                        "type": "terms",
                                        "custom_date_format": "F j, Y",
                                        "custom_time_format": "g:i a",
                                        "taxonomy": "post_tag"
                                    }
                                ],
                                "text_indent": {
                                    "unit": "px",
                                    "size": "16",
                                    "sizes": []
                                },
                                "__globals__": {
                                    "text_color": "globals\/colors?id=307cef1",
                                    "icon_typography_typography": "globals\/typography?id=0738e5a",
                                    "icon_color": "globals\/colors?id=307cef1"
                                },
                                "icon_color": "#88553A",
                                "_padding": {
                                    "unit": "px",
                                    "top": "09",
                                    "right": "0",
                                    "bottom": "27",
                                    "left": "0",
                                    "isLinked": ""
                                },
                                "text_color": "#88553A"
                            },
                            "elements": [],
                            "isInner": false,
                            "widgetType": "post-info",
                            "elType": "widget"
                        },
                        {
                            "id": "65f36e5b",
                            "settings": {
                                "_skin": "theme_comments"
                            },
                            "elements": [],
                            "isInner": false,
                            "widgetType": "post-comments",
                            "elType": "widget"
                        }
                    ],
                    "isInner": "",
                    "elType": "column"
                },
                {
                    "id": "1f9a6ca2",
                    "settings": {
                        "_column_size": "50",
                        "_inline_size": "26.19"
                    },
                    "elements": [],
                    "isInner": "",
                    "elType": "column"
                }
            ],
            "isInner": "",
            "elType": "section"
        }
    ],
    "page_settings": {
        "page_template": "elementor_header_footer"
    }
}