{
    "version": "0.4",
    "title": "Single Project",
    "type": "page",
    "metadata": {
        "template_type": "single-page",
        "include_in_zip": "1",
        "elementor_pro_required": null,
        "wp_page_template": "elementor_header_footer"
    },
    "content": [
        {
            "id": "60271954",
            "settings": {
                "gap": "wide",
                "background_background": "classic",
                "padding": {
                    "unit": "px",
                    "top": "95",
                    "right": "0",
                    "bottom": "36",
                    "left": "0",
                    "isLinked": ""
                },
                "__globals__": {
                    "background_color": "globals\/colors?id=cd6dc3a"
                },
                "padding_tablet": {
                    "unit": "px",
                    "top": "60",
                    "right": "0",
                    "bottom": "30",
                    "left": "0",
                    "isLinked": ""
                },
                "padding_mobile": {
                    "unit": "px",
                    "top": "50",
                    "right": "0",
                    "bottom": "10",
                    "left": "0",
                    "isLinked": ""
                },
                "overflow": "hidden"
            },
            "elements": [
                {
                    "id": "d6be89f",
                    "settings": {
                        "_column_size": "100",
                        "margin": {
                            "unit": "%",
                            "top": "0",
                            "right": "17",
                            "bottom": "0",
                            "left": "17",
                            "isLinked": ""
                        },
                        "_inline_size_tablet": "100",
                        "margin_tablet": {
                            "unit": "px",
                            "top": "0",
                            "right": "0",
                            "bottom": "0",
                            "left": "0",
                            "isLinked": ""
                        },
                        "margin_mobile": {
                            "unit": "px",
                            "top": "0",
                            "right": "0",
                            "bottom": "0",
                            "left": "0",
                            "isLinked": ""
                        },
                        "padding_tablet": {
                            "unit": "px",
                            "top": "0",
                            "right": "0",
                            "bottom": "0",
                            "left": "0",
                            "isLinked": ""
                        }
                    },
                    "elements": [
                        {
                            "id": "635f3f13",
                            "settings": {
                                "title": "farming",
                                "header_size": "h5",
                                "__globals__": {
                                    "title_color": "globals\/colors?id=307cef1",
                                    "typography_typography": "globals\/typography?id=0738e5a"
                                },
                                "align": "center",
                                "_z_index": "2"
                            },
                            "elements": [],
                            "isInner": false,
                            "widgetType": "heading",
                            "elType": "widget"
                        },
                        {
                            "id": "6117e9df",
                            "settings": {
                                "title": " Light Weight Jewellery",
                                "header_size": "h1",
                                "_margin": {
                                    "unit": "px",
                                    "top": "-6",
                                    "right": "0",
                                    "bottom": "02",
                                    "left": "0",
                                    "isLinked": ""
                                },
                                "align": "center",
                                "_z_index": "2",
                                "__globals__": {
                                    "typography_typography": "globals\/typography?id=6c6f551"
                                }
                            },
                            "elements": [],
                            "isInner": false,
                            "widgetType": "heading",
                            "elType": "widget"
                        },
                        {
                            "id": "3f56b52e",
                            "settings": {
                                "editor": "<p>Maecenas vitae cursus nisl, vitae rhoncus metus. Donec at iaculis augue, eget vehicula magna. Ut rutrum ac est non maximus. Mauris condimentum justo quis arcu tempor aliquet.<\/p>",
                                "_margin": {
                                    "unit": "px",
                                    "top": "-03",
                                    "right": "0",
                                    "bottom": "-20",
                                    "left": "0",
                                    "isLinked": ""
                                },
                                "__globals__": {
                                    "typography_typography": "",
                                    "text_color": "globals\/colors?id=text"
                                },
                                "align": "center",
                                "text_color": "#646464",
                                "typography_typography": "custom",
                                "typography_font_family": "Roboto",
                                "typography_font_size": {
                                    "unit": "px",
                                    "size": "20",
                                    "sizes": []
                                },
                                "typography_font_weight": "400",
                                "typography_line_height": {
                                    "unit": "em",
                                    "size": "1.6",
                                    "sizes": []
                                },
                                "_z_index": "2"
                            },
                            "elements": [],
                            "isInner": false,
                            "widgetType": "text-editor",
                            "elType": "widget"
                        },
                        {
                            "id": "3724b4e7",
                            "settings": {
                                "image": {
                                    "url": "https:\/\/energeticthemes.com\/wp-templates\/jewear\/wp-content\/uploads\/sites\/16\/2021\/02\/6.png",
                                    "id": "198"
                                },
                                "_position": "absolute",
                                "_offset_x": {
                                    "size": "1",
                                    "unit": "%"
                                },
                                "_offset_y": {
                                    "size": "-10",
                                    "unit": "%"
                                },
                                "_offset_x_tablet": {
                                    "size": "2",
                                    "unit": "px"
                                },
                                "_offset_y_tablet": {
                                    "size": "-28.687",
                                    "unit": "px"
                                },
                                "width": {
                                    "unit": "px",
                                    "size": "251",
                                    "sizes": []
                                },
                                "space": {
                                    "unit": "px",
                                    "size": "251",
                                    "sizes": []
                                },
                                "height": {
                                    "unit": "px",
                                    "size": "239",
                                    "sizes": []
                                },
                                "object-fit": "cover",
                                "opacity": {
                                    "unit": "px",
                                    "size": "0.3",
                                    "sizes": []
                                },
                                "_z_index": "1"
                            },
                            "elements": [],
                            "isInner": false,
                            "widgetType": "image",
                            "elType": "widget"
                        }
                    ],
                    "isInner": "",
                    "elType": "column"
                }
            ],
            "isInner": "",
            "elType": "section"
        },
        {
            "id": "3038e861",
            "settings": {
                "gap": "wide",
                "background_background": "classic",
                "__globals__": {
                    "background_color": "globals\/colors?id=cd6dc3a"
                },
                "overflow": "hidden",
                "padding_tablet": {
                    "unit": "px",
                    "top": "0",
                    "right": "0",
                    "bottom": "0",
                    "left": "0",
                    "isLinked": ""
                }
            },
            "elements": [
                {
                    "id": "3dd636cf",
                    "settings": {
                        "_column_size": "100"
                    },
                    "elements": [
                        {
                            "id": "77470e1d",
                            "settings": {
                                "image": {
                                    "url": "https:\/\/energeticthemes.com\/wp-templates\/jewear\/wp-content\/uploads\/sites\/16\/2021\/02\/lum3n-lbEL705stOw-unsplash.jpg",
                                    "id": "728"
                                },
                                "width": {
                                    "unit": "%",
                                    "size": "100",
                                    "sizes": []
                                },
                                "space": {
                                    "unit": "%",
                                    "size": "100",
                                    "sizes": []
                                },
                                "height": {
                                    "unit": "px",
                                    "size": "774",
                                    "sizes": []
                                },
                                "object-fit": "cover",
                                "height_mobile": {
                                    "unit": "px",
                                    "size": "400",
                                    "sizes": []
                                },
                                "_z_index_tablet": "2",
                                "height_tablet": {
                                    "unit": "px",
                                    "size": "600",
                                    "sizes": []
                                }
                            },
                            "elements": [],
                            "isInner": false,
                            "widgetType": "image",
                            "elType": "widget"
                        }
                    ],
                    "isInner": "",
                    "elType": "column"
                }
            ],
            "isInner": "",
            "elType": "section"
        },
        {
            "id": "1311b10f",
            "settings": {
                "gap": "wide",
                "structure": "20",
                "margin": {
                    "unit": "px",
                    "top": "",
                    "right": "0",
                    "bottom": "",
                    "left": "0",
                    "isLinked": "1"
                },
                "margin_tablet": {
                    "unit": "px",
                    "top": "",
                    "right": "0",
                    "bottom": "",
                    "left": "0",
                    "isLinked": "1"
                },
                "reverse_order_tablet": "reverse-tablet",
                "reverse_order_mobile": "reverse-mobile",
                "margin_mobile": {
                    "unit": "px",
                    "top": "",
                    "right": "0",
                    "bottom": "",
                    "left": "0",
                    "isLinked": "1"
                },
                "overflow": "hidden",
                "background_background": "classic",
                "padding": {
                    "unit": "px",
                    "top": "59",
                    "right": "0",
                    "bottom": "0",
                    "left": "0",
                    "isLinked": ""
                },
                "padding_tablet": {
                    "unit": "px",
                    "top": "20",
                    "right": "0",
                    "bottom": "0",
                    "left": "0",
                    "isLinked": ""
                },
                "__globals__": {
                    "background_color": "globals\/colors?id=cd6dc3a"
                }
            },
            "elements": [
                {
                    "id": "da3e69c",
                    "settings": {
                        "_column_size": "50",
                        "_inline_size_tablet": "100",
                        "_inline_size": "58.333333333333"
                    },
                    "elements": [
                        {
                            "id": "2fc4e81e",
                            "settings": {
                                "title": "Project",
                                "header_size": "h4",
                                "__globals__": {
                                    "title_color": "globals\/colors?id=307cef1",
                                    "typography_typography": "globals\/typography?id=0738e5a"
                                },
                                "_z_index": "2"
                            },
                            "elements": [],
                            "isInner": false,
                            "widgetType": "heading",
                            "elType": "widget"
                        },
                        {
                            "id": "7aeb91e3",
                            "settings": {
                                "image": {
                                    "url": "https:\/\/energeticthemes.com\/wp-templates\/jewear\/wp-content\/uploads\/sites\/16\/2021\/02\/15.png",
                                    "id": "207"
                                },
                                "width": {
                                    "unit": "px",
                                    "size": "279",
                                    "sizes": []
                                },
                                "space": {
                                    "unit": "px",
                                    "size": "279",
                                    "sizes": []
                                },
                                "height": {
                                    "unit": "px",
                                    "size": "195",
                                    "sizes": []
                                },
                                "object-fit": "cover",
                                "opacity": {
                                    "unit": "px",
                                    "size": "0.3",
                                    "sizes": []
                                },
                                "_position": "absolute",
                                "_offset_x": {
                                    "size": "-37",
                                    "unit": "%"
                                },
                                "_offset_y": {
                                    "size": "10",
                                    "unit": "%"
                                }
                            },
                            "elements": [],
                            "isInner": false,
                            "widgetType": "image",
                            "elType": "widget"
                        },
                        {
                            "id": "45415913",
                            "settings": {
                                "title": "Challenge",
                                "_margin": {
                                    "unit": "px",
                                    "top": "-13",
                                    "right": "0",
                                    "bottom": "0",
                                    "left": "0",
                                    "isLinked": ""
                                },
                                "align": "left",
                                "__globals__": {
                                    "typography_typography": "globals\/typography?id=primary"
                                },
                                "_z_index": "2"
                            },
                            "elements": [],
                            "isInner": false,
                            "widgetType": "heading",
                            "elType": "widget"
                        },
                        {
                            "id": "2feb3238",
                            "settings": {
                                "editor": "<p>Morbi tristique ut sem a egestas. Orci varius natoque penatibus et magnis dis parturient montes, nascetur ridiculus mus. Proin congue ante felis, vel iaculis ipsum ornare ac. Ut a massa at dolor imperdiet viverra. Vivamus faucibus aliquet quam, id efficitur sapien placerat at. Nulla id pharetra massa.<\/p>",
                                "_margin": {
                                    "unit": "px",
                                    "top": "06",
                                    "right": "0",
                                    "bottom": "-010",
                                    "left": "0",
                                    "isLinked": ""
                                },
                                "__globals__": {
                                    "typography_typography": "globals\/typography?id=473b0f2",
                                    "text_color": "globals\/colors?id=primary"
                                },
                                "text_color": "#141E39",
                                "_z_index": "2"
                            },
                            "elements": [],
                            "isInner": false,
                            "widgetType": "text-editor",
                            "elType": "widget"
                        },
                        {
                            "id": "19b9b2ce",
                            "settings": {
                                "editor": "<p>It has survived not only five centuries, but also the leap into electronic typesetting, remaining essentially unchanged. It was popularised in the 1960s with the release of Letraset sheets containing Lorem Ipsum passages, and more recently with desktop publishing software like Aldus PageMaker including versions of Lorem Ipsum.<\/p>",
                                "_margin": {
                                    "unit": "px",
                                    "top": "0",
                                    "right": "0",
                                    "bottom": "-19",
                                    "left": "0",
                                    "isLinked": ""
                                },
                                "_z_index": "2"
                            },
                            "elements": [],
                            "isInner": false,
                            "widgetType": "text-editor",
                            "elType": "widget"
                        }
                    ],
                    "isInner": "",
                    "elType": "column"
                },
                {
                    "id": "1b3955f1",
                    "settings": {
                        "_column_size": "50",
                        "_inline_size_tablet": "100",
                        "margin": {
                            "unit": "px",
                            "top": "0",
                            "right": "0",
                            "bottom": "0",
                            "left": "270",
                            "isLinked": ""
                        },
                        "margin_tablet": {
                            "unit": "px",
                            "top": "0",
                            "right": "0",
                            "bottom": "0",
                            "left": "0",
                            "isLinked": ""
                        },
                        "_inline_size": "37.821"
                    },
                    "elements": [
                        {
                            "id": "60ac9fa4",
                            "settings": {
                                "title": "Services Used",
                                "header_size": "h6",
                                "__globals__": {
                                    "title_color": "",
                                    "typography_typography": "globals\/typography?id=primary"
                                }
                            },
                            "elements": [],
                            "isInner": false,
                            "widgetType": "heading",
                            "elType": "widget"
                        },
                        {
                            "id": "6f2d8f77",
                            "settings": {
                                "icon_list": [
                                    {
                                        "text": "- Interior Design",
                                        "selected_icon": {
                                            "value": "",
                                            "library": ""
                                        },
                                        "_id": "be844e3"
                                    },
                                    {
                                        "text": "- Materials Sourcing",
                                        "selected_icon": {
                                            "value": "",
                                            "library": ""
                                        },
                                        "_id": "7b6dd59"
                                    },
                                    {
                                        "text": "- Project Design",
                                        "selected_icon": {
                                            "value": "",
                                            "library": ""
                                        },
                                        "_id": "09209b9"
                                    }
                                ],
                                "text_indent": {
                                    "unit": "px",
                                    "size": "1",
                                    "sizes": []
                                },
                                "icon_typography_typography": "custom",
                                "icon_typography_font_family": "Roboto",
                                "icon_typography_font_weight": "400",
                                "_margin": {
                                    "unit": "px",
                                    "top": "-10",
                                    "right": "0",
                                    "bottom": "27",
                                    "left": "0",
                                    "isLinked": ""
                                },
                                "_margin_tablet": {
                                    "unit": "px",
                                    "top": "0",
                                    "right": "0",
                                    "bottom": "20",
                                    "left": "0",
                                    "isLinked": ""
                                },
                                "text_color": "#646464",
                                "text_color_hover": "#837D63",
                                "icon_typography_font_size": {
                                    "unit": "px",
                                    "size": "16",
                                    "sizes": []
                                },
                                "icon_typography_line_height": {
                                    "unit": "em",
                                    "size": "2.5",
                                    "sizes": []
                                },
                                "__globals__": {
                                    "text_color": "globals\/colors?id=text",
                                    "text_color_hover": "globals\/colors?id=accent",
                                    "icon_typography_typography": ""
                                }
                            },
                            "elements": [],
                            "isInner": false,
                            "widgetType": "icon-list",
                            "elType": "widget"
                        },
                        {
                            "id": "7e01e6f5",
                            "settings": {
                                "title": "Client",
                                "header_size": "h6",
                                "__globals__": {
                                    "title_color": "",
                                    "typography_typography": "globals\/typography?id=primary"
                                }
                            },
                            "elements": [],
                            "isInner": false,
                            "widgetType": "heading",
                            "elType": "widget"
                        },
                        {
                            "id": "1fcabdc",
                            "settings": {
                                "editor": "<p>William Jones<br \/>Jenna Lane<br \/>Cincinnati<\/p>",
                                "_margin": {
                                    "unit": "px",
                                    "top": "-09",
                                    "right": "0",
                                    "bottom": "-20",
                                    "left": "0",
                                    "isLinked": ""
                                },
                                "__globals__": {
                                    "typography_typography": "globals\/typography?id=text",
                                    "text_color": "globals\/colors?id=text"
                                }
                            },
                            "elements": [],
                            "isInner": false,
                            "widgetType": "text-editor",
                            "elType": "widget"
                        }
                    ],
                    "isInner": "",
                    "elType": "column"
                }
            ],
            "isInner": "",
            "elType": "section"
        },
        {
            "id": "6e2ac2cb",
            "settings": {
                "gap": "wide",
                "structure": "20",
                "background_background": "classic",
                "padding": {
                    "unit": "px",
                    "top": "52",
                    "right": "0",
                    "bottom": "60",
                    "left": "0",
                    "isLinked": ""
                },
                "padding_tablet": {
                    "unit": "px",
                    "top": "40",
                    "right": "0",
                    "bottom": "0",
                    "left": "0",
                    "isLinked": ""
                },
                "padding_mobile": {
                    "unit": "px",
                    "top": "20",
                    "right": "0",
                    "bottom": "0",
                    "left": "0",
                    "isLinked": ""
                },
                "__globals__": {
                    "background_color": "globals\/colors?id=cd6dc3a"
                }
            },
            "elements": [
                {
                    "id": "5f86f9db",
                    "settings": {
                        "_column_size": "50",
                        "_inline_size_tablet": "100"
                    },
                    "elements": [
                        {
                            "id": "3683221a",
                            "settings": {
                                "image": {
                                    "url": "https:\/\/energeticthemes.com\/wp-templates\/jewear\/wp-content\/uploads\/sites\/16\/2021\/02\/lum3n-nPUJAJOk0mc-unsplash.jpg",
                                    "id": "729"
                                },
                                "width": {
                                    "unit": "%",
                                    "size": "100",
                                    "sizes": []
                                },
                                "space": {
                                    "unit": "%",
                                    "size": "100",
                                    "sizes": []
                                },
                                "height": {
                                    "unit": "px",
                                    "size": "744",
                                    "sizes": []
                                },
                                "height_tablet": {
                                    "unit": "px",
                                    "size": "700",
                                    "sizes": []
                                },
                                "height_mobile": {
                                    "unit": "px",
                                    "size": "380",
                                    "sizes": []
                                },
                                "object-fit": "cover",
                                "image_border_radius": {
                                    "unit": "px",
                                    "top": "316",
                                    "right": "316",
                                    "bottom": "0",
                                    "left": "0",
                                    "isLinked": ""
                                },
                                "image_border_radius_tablet": {
                                    "unit": "px",
                                    "top": "480",
                                    "right": "480",
                                    "bottom": "0",
                                    "left": "0",
                                    "isLinked": ""
                                }
                            },
                            "elements": [],
                            "isInner": false,
                            "widgetType": "image",
                            "elType": "widget"
                        }
                    ],
                    "isInner": "",
                    "elType": "column"
                },
                {
                    "id": "2f289450",
                    "settings": {
                        "_column_size": "50",
                        "_inline_size_tablet": "100"
                    },
                    "elements": [
                        {
                            "id": "513590e",
                            "settings": {
                                "image": {
                                    "url": "https:\/\/energeticthemes.com\/wp-templates\/jewear\/wp-content\/uploads\/sites\/16\/2021\/02\/lum3n-P1uXWnpqEAI-unsplash.jpg",
                                    "id": "730"
                                },
                                "width": {
                                    "unit": "%",
                                    "size": "100",
                                    "sizes": []
                                },
                                "space": {
                                    "unit": "%",
                                    "size": "100",
                                    "sizes": []
                                },
                                "height": {
                                    "unit": "px",
                                    "size": "744",
                                    "sizes": []
                                },
                                "height_tablet": {
                                    "unit": "px",
                                    "size": "700",
                                    "sizes": []
                                },
                                "height_mobile": {
                                    "unit": "px",
                                    "size": "380",
                                    "sizes": []
                                },
                                "object-fit": "cover",
                                "image_border_radius": {
                                    "unit": "px",
                                    "top": "316",
                                    "right": "0",
                                    "bottom": "0",
                                    "left": "0",
                                    "isLinked": ""
                                },
                                "image_border_radius_tablet": {
                                    "unit": "px",
                                    "top": "480",
                                    "right": "0",
                                    "bottom": "0",
                                    "left": "0",
                                    "isLinked": ""
                                },
                                "image_border_radius_mobile": {
                                    "unit": "px",
                                    "top": "0216",
                                    "right": "0",
                                    "bottom": "0",
                                    "left": "0",
                                    "isLinked": ""
                                }
                            },
                            "elements": [],
                            "isInner": false,
                            "widgetType": "image",
                            "elType": "widget"
                        }
                    ],
                    "isInner": "",
                    "elType": "column"
                }
            ],
            "isInner": "",
            "elType": "section"
        },
        {
            "id": "cdc363",
            "settings": {
                "gap": "wide",
                "margin": {
                    "unit": "px",
                    "top": "",
                    "right": "0",
                    "bottom": "",
                    "left": "0",
                    "isLinked": "1"
                },
                "margin_tablet": {
                    "unit": "px",
                    "top": "",
                    "right": "0",
                    "bottom": "",
                    "left": "0",
                    "isLinked": "1"
                },
                "__globals__": {
                    "background_color": "globals\/colors?id=cd6dc3a"
                },
                "custom_height": {
                    "unit": "px",
                    "size": "525",
                    "sizes": []
                },
                "overflow": "hidden",
                "margin_mobile": {
                    "unit": "px",
                    "top": "",
                    "right": "0",
                    "bottom": "",
                    "left": "0",
                    "isLinked": "1"
                },
                "background_background": "classic"
            },
            "elements": [
                {
                    "id": "760f9593",
                    "settings": {
                        "_column_size": "100",
                        "padding_mobile": {
                            "unit": "px",
                            "top": "0",
                            "right": "0",
                            "bottom": "0",
                            "left": "0",
                            "isLinked": ""
                        },
                        "padding": {
                            "unit": "px",
                            "top": "0",
                            "right": "0",
                            "bottom": "0",
                            "left": "0",
                            "isLinked": ""
                        }
                    },
                    "elements": [
                        {
                            "id": "568788b1",
                            "settings": {
                                "carousel": [
                                    {
                                        "id": "725",
                                        "url": "https:\/\/energeticthemes.com\/wp-templates\/jewear\/wp-content\/uploads\/sites\/16\/2021\/02\/lum3n-esAis38NHT8-unsplash.jpg"
                                    },
                                    {
                                        "id": "727",
                                        "url": "https:\/\/energeticthemes.com\/wp-templates\/jewear\/wp-content\/uploads\/sites\/16\/2021\/02\/lum3n-is9JmwNZIBo-unsplash.jpg"
                                    },
                                    {
                                        "id": "732",
                                        "url": "https:\/\/energeticthemes.com\/wp-templates\/jewear\/wp-content\/uploads\/sites\/16\/2021\/02\/lum3n-rtAEbQ6RrgI-unsplash.jpg"
                                    },
                                    {
                                        "id": "726",
                                        "url": "https:\/\/energeticthemes.com\/wp-templates\/jewear\/wp-content\/uploads\/sites\/16\/2021\/02\/lum3n-gxqAPPY6LIk-unsplash.jpg"
                                    }
                                ],
                                "thumbnail_size": "shop_catalog",
                                "navigation": "dots",
                                "dots_size": {
                                    "unit": "px",
                                    "size": "20",
                                    "sizes": []
                                },
                                "image_border_border": "solid",
                                "image_border_width": {
                                    "unit": "px",
                                    "top": "20",
                                    "right": "20",
                                    "bottom": "54",
                                    "left": "20",
                                    "isLinked": ""
                                },
                                "image_border_color": "#FFFFFF00",
                                "__globals__": {
                                    "image_border_color": "",
                                    "dots_color": "globals\/colors?id=307cef1"
                                },
                                "thumbnail_custom_dimension": {
                                    "width": "",
                                    "height": "500"
                                },
                                "image_stretch": "yes",
                                "direction": "rtl"
                            },
                            "elements": [],
                            "isInner": false,
                            "widgetType": "image-carousel",
                            "elType": "widget"
                        }
                    ],
                    "isInner": "",
                    "elType": "column"
                }
            ],
            "isInner": "",
            "elType": "section"
        },
        {
            "id": "bf402f9",
            "settings": {
                "gap": "wide",
                "structure": "20",
                "background_background": "classic",
                "margin": {
                    "unit": "px",
                    "top": "",
                    "right": "0",
                    "bottom": "",
                    "left": "0",
                    "isLinked": "1"
                },
                "padding": {
                    "unit": "px",
                    "top": "40",
                    "right": "0",
                    "bottom": "80",
                    "left": "0",
                    "isLinked": ""
                },
                "__globals__": {
                    "background_color": "globals\/colors?id=cd6dc3a"
                },
                "overflow": "hidden",
                "margin_tablet": {
                    "unit": "px",
                    "top": "",
                    "right": "0",
                    "bottom": "",
                    "left": "0",
                    "isLinked": "1"
                },
                "padding_tablet": {
                    "unit": "px",
                    "top": "50",
                    "right": "0",
                    "bottom": "60",
                    "left": "0",
                    "isLinked": ""
                },
                "reverse_order_tablet": "reverse-tablet",
                "reverse_order_mobile": "reverse-mobile",
                "padding_mobile": {
                    "unit": "px",
                    "top": "40",
                    "right": "0",
                    "bottom": "50",
                    "left": "0",
                    "isLinked": ""
                }
            },
            "elements": [
                {
                    "id": "5f808113",
                    "settings": {
                        "_column_size": "50",
                        "_inline_size": "42",
                        "content_position": "center",
                        "_inline_size_tablet": "100",
                        "margin_tablet": {
                            "unit": "px",
                            "top": "-20",
                            "right": "0",
                            "bottom": "0",
                            "left": "0",
                            "isLinked": ""
                        },
                        "margin_mobile": {
                            "unit": "px",
                            "top": "-10",
                            "right": "0",
                            "bottom": "0",
                            "left": "0",
                            "isLinked": ""
                        }
                    },
                    "elements": [
                        {
                            "id": "7cf4297a",
                            "settings": {
                                "title": "Simply shimmering",
                                "header_size": "h5",
                                "title_color": "#88553A",
                                "__globals__": {
                                    "title_color": "globals\/colors?id=307cef1",
                                    "typography_typography": "globals\/typography?id=0738e5a"
                                },
                                "_z_index": "2"
                            },
                            "elements": [],
                            "isInner": false,
                            "widgetType": "heading",
                            "elType": "widget"
                        },
                        {
                            "id": "34f8fd33",
                            "settings": {
                                "title": "Something shiny, everything you",
                                "_margin": {
                                    "unit": "px",
                                    "top": "-1",
                                    "right": "0",
                                    "bottom": "-02",
                                    "left": "0",
                                    "isLinked": ""
                                },
                                "_z_index": "2",
                                "__globals__": {
                                    "typography_typography": "globals\/typography?id=primary"
                                }
                            },
                            "elements": [],
                            "isInner": false,
                            "widgetType": "heading",
                            "elType": "widget"
                        },
                        {
                            "id": "4e51232",
                            "settings": {
                                "editor": "<p>Quisque accumsan facilisiseleifend. Integer ultricies leo eros, non molestie lorem posuere eget. Fusce eget iaculis lorem. Phasellus ante metus, sodales pulvinar lectus in, pellentesque congue tortor<\/p>",
                                "_z_index": "2",
                                "_margin": {
                                    "unit": "px",
                                    "top": "0",
                                    "right": "0",
                                    "bottom": "2",
                                    "left": "0",
                                    "isLinked": ""
                                },
                                "_padding": {
                                    "unit": "px",
                                    "top": "0",
                                    "right": "0",
                                    "bottom": "0",
                                    "left": "0",
                                    "isLinked": ""
                                },
                                "_padding_mobile": {
                                    "unit": "px",
                                    "top": "0",
                                    "right": "0",
                                    "bottom": "0",
                                    "left": "0",
                                    "isLinked": ""
                                }
                            },
                            "elements": [],
                            "isInner": false,
                            "widgetType": "text-editor",
                            "elType": "widget"
                        },
                        {
                            "id": "62a9189c",
                            "settings": {
                                "text": "Get started"
                            },
                            "elements": [],
                            "isInner": false,
                            "widgetType": "button",
                            "elType": "widget"
                        }
                    ],
                    "isInner": "",
                    "elType": "column"
                },
                {
                    "id": "4605fb40",
                    "settings": {
                        "_column_size": "50",
                        "_inline_size": "58",
                        "_inline_size_tablet": "100",
                        "margin_mobile": {
                            "unit": "px",
                            "top": "10",
                            "right": "0",
                            "bottom": "0",
                            "left": "0",
                            "isLinked": ""
                        }
                    },
                    "elements": [
                        {
                            "id": "2158c7aa",
                            "settings": {
                                "image": {
                                    "url": "https:\/\/energeticthemes.com\/wp-templates\/jewear\/wp-content\/uploads\/sites\/16\/2021\/02\/joeyy-lee-OibaEuEfpeg-unsplash.jpg",
                                    "id": "789"
                                },
                                "align": "right",
                                "width": {
                                    "unit": "px",
                                    "size": "520",
                                    "sizes": []
                                },
                                "space": {
                                    "unit": "px",
                                    "size": "520",
                                    "sizes": []
                                },
                                "height": {
                                    "unit": "px",
                                    "size": "704",
                                    "sizes": []
                                },
                                "object-fit": "cover",
                                "_z_index": "3",
                                "image_border_color": "#02010100",
                                "image_border_radius": {
                                    "unit": "px",
                                    "top": "316",
                                    "right": "316",
                                    "bottom": "0",
                                    "left": "0",
                                    "isLinked": ""
                                },
                                "align_tablet": "left",
                                "_margin_tablet": {
                                    "unit": "px",
                                    "top": "0",
                                    "right": "0",
                                    "bottom": "0",
                                    "left": "0",
                                    "isLinked": ""
                                },
                                "width_mobile": {
                                    "unit": "%",
                                    "size": "100",
                                    "sizes": []
                                },
                                "space_mobile": {
                                    "unit": "%",
                                    "size": "100",
                                    "sizes": []
                                },
                                "height_mobile": {
                                    "unit": "px",
                                    "size": "420",
                                    "sizes": []
                                },
                                "image_border_width": {
                                    "unit": "px",
                                    "top": "0",
                                    "right": "0",
                                    "bottom": "0",
                                    "left": "0",
                                    "isLinked": ""
                                }
                            },
                            "elements": [],
                            "isInner": false,
                            "widgetType": "image",
                            "elType": "widget"
                        },
                        {
                            "id": "52b04a5a",
                            "settings": {
                                "image": {
                                    "url": "https:\/\/energeticthemes.com\/wp-templates\/jewear\/wp-content\/uploads\/sites\/16\/2021\/02\/17-1.png",
                                    "id": "629"
                                },
                                "width": {
                                    "unit": "px",
                                    "size": "341",
                                    "sizes": []
                                },
                                "space": {
                                    "unit": "px",
                                    "size": "341",
                                    "sizes": []
                                },
                                "height": {
                                    "unit": "px",
                                    "size": "315",
                                    "sizes": []
                                },
                                "_z_index": "2",
                                "_position": "absolute",
                                "_offset_x": {
                                    "unit": "%",
                                    "size": "-22",
                                    "sizes": []
                                },
                                "_offset_y": {
                                    "unit": "%",
                                    "size": "45",
                                    "sizes": []
                                },
                                "hide_mobile": "hidden-phone"
                            },
                            "elements": [],
                            "isInner": false,
                            "widgetType": "image",
                            "elType": "widget"
                        },
                        {
                            "id": "4373638f",
                            "settings": {
                                "image": {
                                    "url": "https:\/\/energeticthemes.com\/wp-templates\/jewear\/wp-content\/uploads\/sites\/16\/2021\/02\/7.png",
                                    "id": "199"
                                },
                                "opacity": {
                                    "unit": "px",
                                    "size": "0.3",
                                    "sizes": []
                                },
                                "_position": "absolute",
                                "_offset_x": {
                                    "size": "-6.813",
                                    "unit": "%"
                                },
                                "_offset_y": {
                                    "size": "43.688",
                                    "unit": "%"
                                },
                                "_offset_x_tablet": {
                                    "unit": "%",
                                    "size": "0",
                                    "sizes": []
                                },
                                "_offset_y_tablet": {
                                    "unit": "%",
                                    "size": "29",
                                    "sizes": []
                                },
                                "_offset_x_mobile": {
                                    "size": "0.578",
                                    "unit": "px"
                                },
                                "_offset_y_mobile": {
                                    "size": "344.469",
                                    "unit": "px"
                                }
                            },
                            "elements": [],
                            "isInner": false,
                            "widgetType": "image",
                            "elType": "widget"
                        },
                        {
                            "id": "1acb9758",
                            "settings": {
                                "image": {
                                    "url": "https:\/\/energeticthemes.com\/wp-templates\/jewear\/wp-content\/uploads\/sites\/16\/2021\/02\/img.jpg",
                                    "id": "1017"
                                },
                                "align": "left",
                                "width": {
                                    "unit": "px",
                                    "size": "264",
                                    "sizes": []
                                },
                                "space": {
                                    "unit": "px",
                                    "size": "264",
                                    "sizes": []
                                },
                                "height": {
                                    "unit": "px",
                                    "size": "357",
                                    "sizes": []
                                },
                                "object-fit": "cover",
                                "_margin": {
                                    "unit": "px",
                                    "top": "-522",
                                    "right": "0",
                                    "bottom": "0",
                                    "left": "60",
                                    "isLinked": ""
                                },
                                "_z_index": "3",
                                "image_border_color": "#02010100",
                                "image_border_radius": {
                                    "unit": "px",
                                    "top": "148",
                                    "right": "148",
                                    "bottom": "0",
                                    "left": "0",
                                    "isLinked": ""
                                },
                                "align_tablet": "right",
                                "_margin_tablet": {
                                    "unit": "px",
                                    "top": "-374",
                                    "right": "0",
                                    "bottom": "0",
                                    "left": "0",
                                    "isLinked": ""
                                },
                                "width_mobile": {
                                    "unit": "%",
                                    "size": "100",
                                    "sizes": []
                                },
                                "space_mobile": {
                                    "unit": "%",
                                    "size": "70",
                                    "sizes": []
                                },
                                "_margin_mobile": {
                                    "unit": "px",
                                    "top": "-223",
                                    "right": "0",
                                    "bottom": "0",
                                    "left": "0",
                                    "isLinked": ""
                                },
                                "align_mobile": "right",
                                "height_mobile": {
                                    "unit": "px",
                                    "size": "240",
                                    "sizes": []
                                }
                            },
                            "elements": [],
                            "isInner": false,
                            "widgetType": "image",
                            "elType": "widget"
                        }
                    ],
                    "isInner": "",
                    "elType": "column"
                }
            ],
            "isInner": "",
            "elType": "section"
        }
    ],
    "page_settings": {
        "hide_title": "yes",
        "template": "elementor_header_footer"
    }
}