{
    "version": "0.4",
    "title": "Team",
    "type": "page",
    "metadata": {
        "template_type": "single-page",
        "include_in_zip": "1",
        "elementor_pro_required": null,
        "wp_page_template": "elementor_header_footer"
    },
    "content": [
        {
            "id": "2b70637b",
            "settings": {
                "gap": "wide",
                "background_background": "classic",
                "padding": {
                    "unit": "px",
                    "top": "80",
                    "right": "0",
                    "bottom": "40",
                    "left": "0",
                    "isLinked": ""
                },
                "padding_tablet": {
                    "unit": "px",
                    "top": "20",
                    "right": "0",
                    "bottom": "20",
                    "left": "0",
                    "isLinked": ""
                },
                "padding_mobile": {
                    "unit": "px",
                    "top": "10",
                    "right": "0",
                    "bottom": "10",
                    "left": "0",
                    "isLinked": ""
                },
                "__globals__": {
                    "background_color": "globals\/colors?id=cd6dc3a"
                }
            },
            "elements": [
                {
                    "id": "69b079f5",
                    "settings": {
                        "_column_size": "100",
                        "margin": {
                            "unit": "%",
                            "top": "0",
                            "right": "24",
                            "bottom": "0",
                            "left": "24",
                            "isLinked": ""
                        },
                        "margin_tablet": {
                            "unit": "px",
                            "top": "0",
                            "right": "0",
                            "bottom": "0",
                            "left": "0",
                            "isLinked": ""
                        },
                        "margin_mobile": {
                            "unit": "px",
                            "top": "0",
                            "right": "0",
                            "bottom": "0",
                            "left": "0",
                            "isLinked": ""
                        }
                    },
                    "elements": [
                        {
                            "id": "67ebbbc6",
                            "settings": {
                                "title": "About our",
                                "header_size": "h5",
                                "__globals__": {
                                    "title_color": "globals\/colors?id=307cef1",
                                    "typography_typography": "globals\/typography?id=0738e5a"
                                },
                                "_z_index": "2",
                                "align": "center"
                            },
                            "elements": [],
                            "isInner": false,
                            "widgetType": "heading",
                            "elType": "widget"
                        },
                        {
                            "id": "2076de6",
                            "settings": {
                                "title": "Team",
                                "header_size": "h1",
                                "_margin": {
                                    "unit": "px",
                                    "top": "-11",
                                    "right": "0",
                                    "bottom": "0",
                                    "left": "0",
                                    "isLinked": ""
                                },
                                "_z_index": "2",
                                "align": "center",
                                "__globals__": {
                                    "typography_typography": "globals\/typography?id=6c6f551"
                                }
                            },
                            "elements": [],
                            "isInner": false,
                            "widgetType": "heading",
                            "elType": "widget"
                        },
                        {
                            "id": "70e93aac",
                            "settings": {
                                "editor": "<p>Vestibulum ante ipsum primis in faucibus orci luctus et ultrices posuere cubilia curae;nulla lacus, fermentum non tellus in, euismod euismod ivamus enim turpis, cursus vitae bibendum et, volutpat quis enim.<\/p>",
                                "_z_index": "2",
                                "align": "center",
                                "_padding": {
                                    "unit": "px",
                                    "top": "0",
                                    "right": "20",
                                    "bottom": "0",
                                    "left": "20",
                                    "isLinked": ""
                                },
                                "_margin": {
                                    "unit": "px",
                                    "top": "0",
                                    "right": "0",
                                    "bottom": "-20",
                                    "left": "0",
                                    "isLinked": ""
                                },
                                "_padding_mobile": {
                                    "unit": "px",
                                    "top": "0",
                                    "right": "0",
                                    "bottom": "0",
                                    "left": "0",
                                    "isLinked": ""
                                }
                            },
                            "elements": [],
                            "isInner": false,
                            "widgetType": "text-editor",
                            "elType": "widget"
                        },
                        {
                            "id": "4b3b86a3",
                            "settings": {
                                "image": {
                                    "url": "https:\/\/energeticthemes.com\/wp-templates\/jewear\/wp-content\/uploads\/sites\/16\/2021\/02\/15.png",
                                    "id": "207"
                                },
                                "width": {
                                    "unit": "px",
                                    "size": "126",
                                    "sizes": []
                                },
                                "space": {
                                    "unit": "px",
                                    "size": "126",
                                    "sizes": []
                                },
                                "height": {
                                    "unit": "px",
                                    "size": "88",
                                    "sizes": []
                                },
                                "opacity": {
                                    "unit": "px",
                                    "size": "0.3",
                                    "sizes": []
                                },
                                "_position": "absolute",
                                "_offset_x": {
                                    "size": "",
                                    "unit": "%"
                                },
                                "_offset_y": {
                                    "size": "11",
                                    "unit": "%"
                                },
                                "_offset_x_mobile": {
                                    "size": "-1.578",
                                    "unit": "px"
                                },
                                "_offset_y_mobile": {
                                    "size": "29.531",
                                    "unit": "px"
                                }
                            },
                            "elements": [],
                            "isInner": false,
                            "widgetType": "image",
                            "elType": "widget"
                        }
                    ],
                    "isInner": "",
                    "elType": "column"
                }
            ],
            "isInner": "",
            "elType": "section"
        },
        {
            "id": "2558bc86",
            "settings": {
                "gap": "wide",
                "background_background": "classic",
                "__globals__": {
                    "background_color": "globals\/colors?id=cd6dc3a"
                }
            },
            "elements": [
                {
                    "id": "5b08b453",
                    "settings": {
                        "_column_size": "100"
                    },
                    "elements": [
                        {
                            "id": "172ee3eb",
                            "settings": {
                                "image": {
                                    "url": "https:\/\/energeticthemes.com\/wp-templates\/jewear\/wp-content\/uploads\/sites\/16\/2021\/02\/customer-in-jewelry-shop-FH5BJX8.jpg",
                                    "id": "710"
                                },
                                "width": {
                                    "unit": "%",
                                    "size": "100",
                                    "sizes": []
                                },
                                "width_mobile": {
                                    "unit": "%",
                                    "size": "100",
                                    "sizes": []
                                },
                                "space": {
                                    "unit": "%",
                                    "size": "100",
                                    "sizes": []
                                },
                                "space_mobile": {
                                    "unit": "%",
                                    "size": "100",
                                    "sizes": []
                                },
                                "height": {
                                    "unit": "px",
                                    "size": "600",
                                    "sizes": []
                                },
                                "height_mobile": {
                                    "unit": "px",
                                    "size": "320",
                                    "sizes": []
                                },
                                "object-fit": "cover"
                            },
                            "elements": [],
                            "isInner": false,
                            "widgetType": "image",
                            "elType": "widget"
                        }
                    ],
                    "isInner": "",
                    "elType": "column"
                }
            ],
            "isInner": "",
            "elType": "section"
        },
        {
            "id": "19e1aae9",
            "settings": {
                "gap": "wide",
                "background_background": "classic",
                "__globals__": {
                    "background_color": "globals\/colors?id=cd6dc3a"
                }
            },
            "elements": [
                {
                    "id": "1739611f",
                    "settings": {
                        "_column_size": "100",
                        "_inline_size": "100",
                        "background_background": "classic",
                        "margin": {
                            "unit": "px",
                            "top": "55",
                            "right": "410",
                            "bottom": "0",
                            "left": "0",
                            "isLinked": ""
                        },
                        "margin_tablet": {
                            "unit": "px",
                            "top": "30",
                            "right": "0",
                            "bottom": "0",
                            "left": "0",
                            "isLinked": ""
                        },
                        "margin_mobile": {
                            "unit": "px",
                            "top": "10",
                            "right": "0",
                            "bottom": "0",
                            "left": "0",
                            "isLinked": ""
                        }
                    },
                    "elements": [
                        {
                            "id": "127d7b94",
                            "settings": {
                                "editor": "<p>Teamwork is the ability to work together toward a common vision. The ability to direct individual accomplishments toward organizational objectives. It is the fuel that allows common people to attain uncommon results.<\/p>",
                                "text_color": "#141E39",
                                "_margin": {
                                    "unit": "px",
                                    "top": "0",
                                    "right": "0",
                                    "bottom": "-18",
                                    "left": "0",
                                    "isLinked": ""
                                },
                                "__globals__": {
                                    "typography_typography": "globals\/typography?id=473b0f2",
                                    "text_color": "globals\/colors?id=primary"
                                }
                            },
                            "elements": [],
                            "isInner": false,
                            "widgetType": "text-editor",
                            "elType": "widget"
                        },
                        {
                            "id": "76969d7f",
                            "settings": {
                                "editor": "<p>Lorem ipsum dolor sit amet, consectetur adipiscing elit. Mauris vel efficitur lorem. Nam in tellus posuere, condimentum sem ac, blandit turpis. Quisque rutrum, quam in dapibus viverra, urna sapien blandit purus, sit amet tincidunt urna est ut turpis. Cras imperdiet arcu enim. Donec euismod est augue, non dignissim purus efficitur eget. Donec convallis lacus sem, id commodo est sodales sit amet. Morbi dignissim at diam id condimentum.<\/p>"
                            },
                            "elements": [],
                            "isInner": false,
                            "widgetType": "text-editor",
                            "elType": "widget"
                        }
                    ],
                    "isInner": "",
                    "elType": "column"
                }
            ],
            "isInner": "",
            "elType": "section"
        },
        {
            "id": "3f73feda",
            "settings": {
                "gap": "wide",
                "structure": "30",
                "background_background": "classic",
                "padding": {
                    "unit": "px",
                    "top": "41",
                    "right": "0",
                    "bottom": "0",
                    "left": "0",
                    "isLinked": ""
                },
                "padding_tablet": {
                    "unit": "px",
                    "top": "20",
                    "right": "0",
                    "bottom": "0",
                    "left": "0",
                    "isLinked": ""
                },
                "padding_mobile": {
                    "unit": "px",
                    "top": "10",
                    "right": "0",
                    "bottom": "0",
                    "left": "0",
                    "isLinked": ""
                },
                "__globals__": {
                    "background_color": "globals\/colors?id=cd6dc3a"
                }
            },
            "elements": [
                {
                    "id": "5045ceb0",
                    "settings": {
                        "_column_size": "33",
                        "_inline_size_tablet": "100"
                    },
                    "elements": [
                        {
                            "id": "6f804bed",
                            "settings": {
                                "image": {
                                    "url": "https:\/\/energeticthemes.com\/wp-templates\/jewear\/wp-content\/uploads\/sites\/16\/2021\/02\/beautiful-mature-woman-with-hand-in-pocket-and-jac-L663S3W.jpg",
                                    "id": "702"
                                },
                                "width": {
                                    "unit": "%",
                                    "size": "100",
                                    "sizes": []
                                },
                                "width_tablet": {
                                    "unit": "%",
                                    "size": "100",
                                    "sizes": []
                                },
                                "width_mobile": {
                                    "unit": "%",
                                    "size": "100",
                                    "sizes": []
                                },
                                "space": {
                                    "unit": "%",
                                    "size": "100",
                                    "sizes": []
                                },
                                "space_tablet": {
                                    "unit": "%",
                                    "size": "100",
                                    "sizes": []
                                },
                                "space_mobile": {
                                    "unit": "%",
                                    "size": "100",
                                    "sizes": []
                                },
                                "height": {
                                    "unit": "px",
                                    "size": "450",
                                    "sizes": []
                                },
                                "height_tablet": {
                                    "unit": "px",
                                    "size": "700",
                                    "sizes": []
                                },
                                "height_mobile": {
                                    "unit": "px",
                                    "size": "320",
                                    "sizes": []
                                },
                                "object-fit": "cover",
                                "image_border_radius": {
                                    "unit": "px",
                                    "top": "204",
                                    "right": "204",
                                    "bottom": "0",
                                    "left": "0",
                                    "isLinked": ""
                                },
                                "image_border_radius_tablet": {
                                    "unit": "px",
                                    "top": "420",
                                    "right": "420",
                                    "bottom": "0",
                                    "left": "0",
                                    "isLinked": ""
                                }
                            },
                            "elements": [],
                            "isInner": false,
                            "widgetType": "image",
                            "elType": "widget"
                        },
                        {
                            "id": "6a872883",
                            "settings": {
                                "title": "Emily James",
                                "header_size": "h5",
                                "align": "center",
                                "_padding": {
                                    "unit": "px",
                                    "top": "06",
                                    "right": "0",
                                    "bottom": "-03",
                                    "left": "0",
                                    "isLinked": ""
                                }
                            },
                            "elements": [],
                            "isInner": false,
                            "widgetType": "heading",
                            "elType": "widget"
                        },
                        {
                            "id": "6065e4a",
                            "settings": {
                                "title": "Managing Partner",
                                "align": "center",
                                "__globals__": {
                                    "typography_typography": "globals\/typography?id=e3f5d9c",
                                    "title_color": "globals\/colors?id=307cef1"
                                },
                                "title_color": "#88553A"
                            },
                            "elements": [],
                            "isInner": false,
                            "widgetType": "heading",
                            "elType": "widget"
                        },
                        {
                            "id": "3c81c578",
                            "settings": {
                                "social_icon_list": [
                                    {
                                        "social_icon": {
                                            "value": "fab fa-facebook",
                                            "library": "fa-brands"
                                        },
                                        "_id": "bfc9e73"
                                    },
                                    {
                                        "social_icon": {
                                            "value": "fab fa-instagram",
                                            "library": "fa-brands"
                                        },
                                        "_id": "19c8410"
                                    },
                                    {
                                        "social_icon": {
                                            "value": "fab fa-twitter",
                                            "library": "fa-brands"
                                        },
                                        "_id": "256cecf"
                                    }
                                ],
                                "icon_color": "custom",
                                "icon_primary_color": "#141E3900",
                                "icon_size": {
                                    "unit": "px",
                                    "size": "18",
                                    "sizes": []
                                },
                                "icon_padding": {
                                    "unit": "em",
                                    "size": "0.43",
                                    "sizes": []
                                },
                                "_margin": {
                                    "unit": "px",
                                    "top": "-06",
                                    "right": "0",
                                    "bottom": "0",
                                    "left": "0",
                                    "isLinked": ""
                                },
                                "__globals__": {
                                    "icon_primary_color": "",
                                    "icon_secondary_color": "globals\/colors?id=secondary"
                                }
                            },
                            "elements": [],
                            "isInner": false,
                            "widgetType": "social-icons",
                            "elType": "widget"
                        }
                    ],
                    "isInner": "",
                    "elType": "column"
                },
                {
                    "id": "566ece44",
                    "settings": {
                        "_column_size": "33",
                        "_inline_size_tablet": "100",
                        "margin_tablet": {
                            "unit": "px",
                            "top": "20",
                            "right": "0",
                            "bottom": "0",
                            "left": "0",
                            "isLinked": ""
                        },
                        "margin_mobile": {
                            "unit": "px",
                            "top": "10",
                            "right": "0",
                            "bottom": "0",
                            "left": "0",
                            "isLinked": ""
                        }
                    },
                    "elements": [
                        {
                            "id": "75a04be6",
                            "settings": {
                                "image": {
                                    "url": "https:\/\/energeticthemes.com\/wp-templates\/jewear\/wp-content\/uploads\/sites\/16\/2021\/02\/young-beautiful-long-brown-haired-hair-girl-with-b-UAYQKDU.jpg",
                                    "id": "749"
                                },
                                "width": {
                                    "unit": "%",
                                    "size": "100",
                                    "sizes": []
                                },
                                "width_tablet": {
                                    "unit": "%",
                                    "size": "100",
                                    "sizes": []
                                },
                                "width_mobile": {
                                    "unit": "%",
                                    "size": "100",
                                    "sizes": []
                                },
                                "space": {
                                    "unit": "%",
                                    "size": "100",
                                    "sizes": []
                                },
                                "space_tablet": {
                                    "unit": "%",
                                    "size": "100",
                                    "sizes": []
                                },
                                "space_mobile": {
                                    "unit": "%",
                                    "size": "100",
                                    "sizes": []
                                },
                                "height": {
                                    "unit": "px",
                                    "size": "450",
                                    "sizes": []
                                },
                                "height_tablet": {
                                    "unit": "px",
                                    "size": "700",
                                    "sizes": []
                                },
                                "height_mobile": {
                                    "unit": "px",
                                    "size": "320",
                                    "sizes": []
                                },
                                "object-fit": "cover",
                                "image_border_radius": {
                                    "unit": "px",
                                    "top": "204",
                                    "right": "204",
                                    "bottom": "0",
                                    "left": "0",
                                    "isLinked": ""
                                },
                                "image_border_radius_tablet": {
                                    "unit": "px",
                                    "top": "420",
                                    "right": "420",
                                    "bottom": "0",
                                    "left": "0",
                                    "isLinked": ""
                                }
                            },
                            "elements": [],
                            "isInner": false,
                            "widgetType": "image",
                            "elType": "widget"
                        },
                        {
                            "id": "831944c",
                            "settings": {
                                "title": "Maria Stark",
                                "header_size": "h5",
                                "align": "center",
                                "_padding": {
                                    "unit": "px",
                                    "top": "06",
                                    "right": "0",
                                    "bottom": "-03",
                                    "left": "0",
                                    "isLinked": ""
                                }
                            },
                            "elements": [],
                            "isInner": false,
                            "widgetType": "heading",
                            "elType": "widget"
                        },
                        {
                            "id": "6d31e8ac",
                            "settings": {
                                "title": "Finance Partner",
                                "align": "center",
                                "__globals__": {
                                    "typography_typography": "globals\/typography?id=e3f5d9c",
                                    "title_color": "globals\/colors?id=307cef1"
                                },
                                "title_color": "#88553A"
                            },
                            "elements": [],
                            "isInner": false,
                            "widgetType": "heading",
                            "elType": "widget"
                        },
                        {
                            "id": "6fadda4c",
                            "settings": {
                                "social_icon_list": [
                                    {
                                        "social_icon": {
                                            "value": "fab fa-facebook",
                                            "library": "fa-brands"
                                        },
                                        "_id": "bfc9e73"
                                    },
                                    {
                                        "social_icon": {
                                            "value": "fab fa-instagram",
                                            "library": "fa-brands"
                                        },
                                        "_id": "19c8410"
                                    },
                                    {
                                        "social_icon": {
                                            "value": "fab fa-twitter",
                                            "library": "fa-brands"
                                        },
                                        "_id": "256cecf"
                                    }
                                ],
                                "icon_color": "custom",
                                "icon_primary_color": "#141E3900",
                                "icon_size": {
                                    "unit": "px",
                                    "size": "18",
                                    "sizes": []
                                },
                                "icon_padding": {
                                    "unit": "em",
                                    "size": "0.43",
                                    "sizes": []
                                },
                                "_margin": {
                                    "unit": "px",
                                    "top": "-06",
                                    "right": "0",
                                    "bottom": "0",
                                    "left": "0",
                                    "isLinked": ""
                                },
                                "__globals__": {
                                    "icon_primary_color": "",
                                    "icon_secondary_color": "globals\/colors?id=secondary"
                                }
                            },
                            "elements": [],
                            "isInner": false,
                            "widgetType": "social-icons",
                            "elType": "widget"
                        }
                    ],
                    "isInner": "",
                    "elType": "column"
                },
                {
                    "id": "18558f06",
                    "settings": {
                        "_column_size": "33",
                        "_inline_size_tablet": "100",
                        "margin_tablet": {
                            "unit": "px",
                            "top": "20",
                            "right": "0",
                            "bottom": "0",
                            "left": "0",
                            "isLinked": ""
                        },
                        "margin_mobile": {
                            "unit": "px",
                            "top": "10",
                            "right": "0",
                            "bottom": "0",
                            "left": "0",
                            "isLinked": ""
                        }
                    },
                    "elements": [
                        {
                            "id": "42788566",
                            "settings": {
                                "image": {
                                    "url": "https:\/\/energeticthemes.com\/wp-templates\/jewear\/wp-content\/uploads\/sites\/16\/2021\/02\/portrait-of-young-woman-looking-to-camera-with-arm-P8CJ6X3.jpg",
                                    "id": "737"
                                },
                                "width": {
                                    "unit": "%",
                                    "size": "100",
                                    "sizes": []
                                },
                                "width_tablet": {
                                    "unit": "%",
                                    "size": "100",
                                    "sizes": []
                                },
                                "width_mobile": {
                                    "unit": "%",
                                    "size": "100",
                                    "sizes": []
                                },
                                "space": {
                                    "unit": "%",
                                    "size": "100",
                                    "sizes": []
                                },
                                "space_tablet": {
                                    "unit": "%",
                                    "size": "100",
                                    "sizes": []
                                },
                                "space_mobile": {
                                    "unit": "%",
                                    "size": "100",
                                    "sizes": []
                                },
                                "height": {
                                    "unit": "px",
                                    "size": "450",
                                    "sizes": []
                                },
                                "height_tablet": {
                                    "unit": "px",
                                    "size": "700",
                                    "sizes": []
                                },
                                "height_mobile": {
                                    "unit": "px",
                                    "size": "320",
                                    "sizes": []
                                },
                                "object-fit": "cover",
                                "image_border_radius": {
                                    "unit": "px",
                                    "top": "204",
                                    "right": "204",
                                    "bottom": "0",
                                    "left": "0",
                                    "isLinked": ""
                                },
                                "image_border_radius_tablet": {
                                    "unit": "px",
                                    "top": "420",
                                    "right": "420",
                                    "bottom": "0",
                                    "left": "0",
                                    "isLinked": ""
                                }
                            },
                            "elements": [],
                            "isInner": false,
                            "widgetType": "image",
                            "elType": "widget"
                        },
                        {
                            "id": "145985b6",
                            "settings": {
                                "title": "Ellen Roy",
                                "header_size": "h5",
                                "align": "center",
                                "_padding": {
                                    "unit": "px",
                                    "top": "06",
                                    "right": "0",
                                    "bottom": "-03",
                                    "left": "0",
                                    "isLinked": ""
                                }
                            },
                            "elements": [],
                            "isInner": false,
                            "widgetType": "heading",
                            "elType": "widget"
                        },
                        {
                            "id": "2c8cc163",
                            "settings": {
                                "title": "Import Partner",
                                "align": "center",
                                "__globals__": {
                                    "typography_typography": "globals\/typography?id=e3f5d9c",
                                    "title_color": "globals\/colors?id=307cef1"
                                },
                                "title_color": "#88553A"
                            },
                            "elements": [],
                            "isInner": false,
                            "widgetType": "heading",
                            "elType": "widget"
                        },
                        {
                            "id": "26ef6430",
                            "settings": {
                                "social_icon_list": [
                                    {
                                        "social_icon": {
                                            "value": "fab fa-facebook",
                                            "library": "fa-brands"
                                        },
                                        "_id": "bfc9e73"
                                    },
                                    {
                                        "social_icon": {
                                            "value": "fab fa-instagram",
                                            "library": "fa-brands"
                                        },
                                        "_id": "19c8410"
                                    },
                                    {
                                        "social_icon": {
                                            "value": "fab fa-twitter",
                                            "library": "fa-brands"
                                        },
                                        "_id": "256cecf"
                                    }
                                ],
                                "icon_color": "custom",
                                "icon_primary_color": "#141E3900",
                                "icon_size": {
                                    "unit": "px",
                                    "size": "18",
                                    "sizes": []
                                },
                                "icon_padding": {
                                    "unit": "em",
                                    "size": "0.43",
                                    "sizes": []
                                },
                                "_margin": {
                                    "unit": "px",
                                    "top": "-06",
                                    "right": "0",
                                    "bottom": "0",
                                    "left": "0",
                                    "isLinked": ""
                                },
                                "__globals__": {
                                    "icon_primary_color": "",
                                    "icon_secondary_color": "globals\/colors?id=secondary"
                                }
                            },
                            "elements": [],
                            "isInner": false,
                            "widgetType": "social-icons",
                            "elType": "widget"
                        }
                    ],
                    "isInner": "",
                    "elType": "column"
                }
            ],
            "isInner": "",
            "elType": "section"
        },
        {
            "id": "4fd59597",
            "settings": {
                "gap": "wide",
                "structure": "30",
                "background_background": "classic",
                "padding": {
                    "unit": "px",
                    "top": "33",
                    "right": "0",
                    "bottom": "126",
                    "left": "0",
                    "isLinked": ""
                },
                "padding_tablet": {
                    "unit": "px",
                    "top": "20",
                    "right": "0",
                    "bottom": "60",
                    "left": "0",
                    "isLinked": ""
                },
                "padding_mobile": {
                    "unit": "px",
                    "top": "10",
                    "right": "0",
                    "bottom": "50",
                    "left": "0",
                    "isLinked": ""
                },
                "__globals__": {
                    "background_color": "globals\/colors?id=cd6dc3a"
                }
            },
            "elements": [
                {
                    "id": "30528c59",
                    "settings": {
                        "_column_size": "33",
                        "_inline_size_tablet": "100"
                    },
                    "elements": [
                        {
                            "id": "5928ffe2",
                            "settings": {
                                "image": {
                                    "url": "https:\/\/energeticthemes.com\/wp-templates\/jewear\/wp-content\/uploads\/sites\/16\/2021\/02\/bearded-smiling-engineer-with-arms-crossed-on-ches-LF5QXBS.jpg",
                                    "id": "700"
                                },
                                "width": {
                                    "unit": "%",
                                    "size": "100",
                                    "sizes": []
                                },
                                "width_tablet": {
                                    "unit": "%",
                                    "size": "100",
                                    "sizes": []
                                },
                                "width_mobile": {
                                    "unit": "%",
                                    "size": "100",
                                    "sizes": []
                                },
                                "space": {
                                    "unit": "%",
                                    "size": "100",
                                    "sizes": []
                                },
                                "space_tablet": {
                                    "unit": "%",
                                    "size": "100",
                                    "sizes": []
                                },
                                "space_mobile": {
                                    "unit": "%",
                                    "size": "100",
                                    "sizes": []
                                },
                                "height": {
                                    "unit": "px",
                                    "size": "450",
                                    "sizes": []
                                },
                                "height_tablet": {
                                    "unit": "px",
                                    "size": "700",
                                    "sizes": []
                                },
                                "height_mobile": {
                                    "unit": "px",
                                    "size": "320",
                                    "sizes": []
                                },
                                "object-fit": "cover",
                                "image_border_radius": {
                                    "unit": "px",
                                    "top": "204",
                                    "right": "204",
                                    "bottom": "0",
                                    "left": "0",
                                    "isLinked": ""
                                },
                                "image_border_radius_tablet": {
                                    "unit": "px",
                                    "top": "420",
                                    "right": "420",
                                    "bottom": "0",
                                    "left": "0",
                                    "isLinked": ""
                                }
                            },
                            "elements": [],
                            "isInner": false,
                            "widgetType": "image",
                            "elType": "widget"
                        },
                        {
                            "id": "5cd292bb",
                            "settings": {
                                "title": "Gerard Anderson",
                                "header_size": "h5",
                                "align": "center",
                                "_padding": {
                                    "unit": "px",
                                    "top": "06",
                                    "right": "0",
                                    "bottom": "-03",
                                    "left": "0",
                                    "isLinked": ""
                                }
                            },
                            "elements": [],
                            "isInner": false,
                            "widgetType": "heading",
                            "elType": "widget"
                        },
                        {
                            "id": "7fff708",
                            "settings": {
                                "title": "Ceo",
                                "align": "center",
                                "__globals__": {
                                    "typography_typography": "globals\/typography?id=e3f5d9c",
                                    "title_color": "globals\/colors?id=307cef1"
                                },
                                "title_color": "#88553A"
                            },
                            "elements": [],
                            "isInner": false,
                            "widgetType": "heading",
                            "elType": "widget"
                        },
                        {
                            "id": "64daaa3b",
                            "settings": {
                                "social_icon_list": [
                                    {
                                        "social_icon": {
                                            "value": "fab fa-facebook",
                                            "library": "fa-brands"
                                        },
                                        "_id": "bfc9e73"
                                    },
                                    {
                                        "social_icon": {
                                            "value": "fab fa-instagram",
                                            "library": "fa-brands"
                                        },
                                        "_id": "19c8410"
                                    },
                                    {
                                        "social_icon": {
                                            "value": "fab fa-twitter",
                                            "library": "fa-brands"
                                        },
                                        "_id": "256cecf"
                                    }
                                ],
                                "icon_color": "custom",
                                "icon_primary_color": "#141E3900",
                                "icon_size": {
                                    "unit": "px",
                                    "size": "18",
                                    "sizes": []
                                },
                                "icon_padding": {
                                    "unit": "em",
                                    "size": "0.43",
                                    "sizes": []
                                },
                                "_margin": {
                                    "unit": "px",
                                    "top": "-06",
                                    "right": "0",
                                    "bottom": "0",
                                    "left": "0",
                                    "isLinked": ""
                                },
                                "__globals__": {
                                    "icon_primary_color": "",
                                    "icon_secondary_color": "globals\/colors?id=secondary"
                                }
                            },
                            "elements": [],
                            "isInner": false,
                            "widgetType": "social-icons",
                            "elType": "widget"
                        }
                    ],
                    "isInner": "",
                    "elType": "column"
                },
                {
                    "id": "5998d32f",
                    "settings": {
                        "_column_size": "33",
                        "_inline_size_tablet": "100",
                        "margin_tablet": {
                            "unit": "px",
                            "top": "20",
                            "right": "0",
                            "bottom": "0",
                            "left": "0",
                            "isLinked": ""
                        },
                        "margin_mobile": {
                            "unit": "px",
                            "top": "10",
                            "right": "0",
                            "bottom": "0",
                            "left": "0",
                            "isLinked": ""
                        }
                    },
                    "elements": [
                        {
                            "id": "3927fd52",
                            "settings": {
                                "image": {
                                    "url": "https:\/\/energeticthemes.com\/wp-templates\/jewear\/wp-content\/uploads\/sites\/16\/2021\/02\/portrait-of-smiling-young-woman-looking-to-camera-P5G94CB.jpg",
                                    "id": "736"
                                },
                                "width": {
                                    "unit": "%",
                                    "size": "100",
                                    "sizes": []
                                },
                                "width_tablet": {
                                    "unit": "%",
                                    "size": "100",
                                    "sizes": []
                                },
                                "width_mobile": {
                                    "unit": "%",
                                    "size": "100",
                                    "sizes": []
                                },
                                "space": {
                                    "unit": "%",
                                    "size": "100",
                                    "sizes": []
                                },
                                "space_tablet": {
                                    "unit": "%",
                                    "size": "100",
                                    "sizes": []
                                },
                                "space_mobile": {
                                    "unit": "%",
                                    "size": "100",
                                    "sizes": []
                                },
                                "height": {
                                    "unit": "px",
                                    "size": "450",
                                    "sizes": []
                                },
                                "height_tablet": {
                                    "unit": "px",
                                    "size": "700",
                                    "sizes": []
                                },
                                "height_mobile": {
                                    "unit": "px",
                                    "size": "320",
                                    "sizes": []
                                },
                                "object-fit": "cover",
                                "image_border_radius": {
                                    "unit": "px",
                                    "top": "204",
                                    "right": "204",
                                    "bottom": "0",
                                    "left": "0",
                                    "isLinked": ""
                                },
                                "image_border_radius_tablet": {
                                    "unit": "px",
                                    "top": "420",
                                    "right": "420",
                                    "bottom": "0",
                                    "left": "0",
                                    "isLinked": ""
                                }
                            },
                            "elements": [],
                            "isInner": false,
                            "widgetType": "image",
                            "elType": "widget"
                        },
                        {
                            "id": "6593a3ee",
                            "settings": {
                                "title": "Sophia Stonic",
                                "header_size": "h5",
                                "align": "center",
                                "_padding": {
                                    "unit": "px",
                                    "top": "06",
                                    "right": "0",
                                    "bottom": "-03",
                                    "left": "0",
                                    "isLinked": ""
                                }
                            },
                            "elements": [],
                            "isInner": false,
                            "widgetType": "heading",
                            "elType": "widget"
                        },
                        {
                            "id": "21361bda",
                            "settings": {
                                "title": "Managing Partner",
                                "align": "center",
                                "__globals__": {
                                    "typography_typography": "globals\/typography?id=e3f5d9c",
                                    "title_color": "globals\/colors?id=307cef1"
                                },
                                "title_color": "#88553A"
                            },
                            "elements": [],
                            "isInner": false,
                            "widgetType": "heading",
                            "elType": "widget"
                        },
                        {
                            "id": "4ee51f7",
                            "settings": {
                                "social_icon_list": [
                                    {
                                        "social_icon": {
                                            "value": "fab fa-facebook",
                                            "library": "fa-brands"
                                        },
                                        "_id": "bfc9e73"
                                    },
                                    {
                                        "social_icon": {
                                            "value": "fab fa-instagram",
                                            "library": "fa-brands"
                                        },
                                        "_id": "19c8410"
                                    },
                                    {
                                        "social_icon": {
                                            "value": "fab fa-twitter",
                                            "library": "fa-brands"
                                        },
                                        "_id": "256cecf"
                                    }
                                ],
                                "icon_color": "custom",
                                "icon_primary_color": "#141E3900",
                                "icon_size": {
                                    "unit": "px",
                                    "size": "18",
                                    "sizes": []
                                },
                                "icon_padding": {
                                    "unit": "em",
                                    "size": "0.43",
                                    "sizes": []
                                },
                                "_margin": {
                                    "unit": "px",
                                    "top": "-06",
                                    "right": "0",
                                    "bottom": "0",
                                    "left": "0",
                                    "isLinked": ""
                                },
                                "__globals__": {
                                    "icon_primary_color": "",
                                    "icon_secondary_color": "globals\/colors?id=secondary"
                                }
                            },
                            "elements": [],
                            "isInner": false,
                            "widgetType": "social-icons",
                            "elType": "widget"
                        }
                    ],
                    "isInner": "",
                    "elType": "column"
                },
                {
                    "id": "249c1c92",
                    "settings": {
                        "_column_size": "33",
                        "_inline_size_tablet": "100",
                        "margin_tablet": {
                            "unit": "px",
                            "top": "20",
                            "right": "0",
                            "bottom": "0",
                            "left": "0",
                            "isLinked": ""
                        },
                        "margin_mobile": {
                            "unit": "px",
                            "top": "10",
                            "right": "0",
                            "bottom": "0",
                            "left": "0",
                            "isLinked": ""
                        }
                    },
                    "elements": [
                        {
                            "id": "31699e1e",
                            "settings": {
                                "image": {
                                    "url": "https:\/\/energeticthemes.com\/wp-templates\/jewear\/wp-content\/uploads\/sites\/16\/2021\/02\/beautiful-woman-with-coffee-cup-Q2Y2CJQ.jpg",
                                    "id": "703"
                                },
                                "width": {
                                    "unit": "%",
                                    "size": "100",
                                    "sizes": []
                                },
                                "width_tablet": {
                                    "unit": "%",
                                    "size": "100",
                                    "sizes": []
                                },
                                "width_mobile": {
                                    "unit": "%",
                                    "size": "100",
                                    "sizes": []
                                },
                                "space": {
                                    "unit": "%",
                                    "size": "100",
                                    "sizes": []
                                },
                                "space_tablet": {
                                    "unit": "%",
                                    "size": "100",
                                    "sizes": []
                                },
                                "space_mobile": {
                                    "unit": "%",
                                    "size": "100",
                                    "sizes": []
                                },
                                "height": {
                                    "unit": "px",
                                    "size": "450",
                                    "sizes": []
                                },
                                "height_tablet": {
                                    "unit": "px",
                                    "size": "700",
                                    "sizes": []
                                },
                                "height_mobile": {
                                    "unit": "px",
                                    "size": "320",
                                    "sizes": []
                                },
                                "object-fit": "cover",
                                "image_border_radius": {
                                    "unit": "px",
                                    "top": "204",
                                    "right": "204",
                                    "bottom": "0",
                                    "left": "0",
                                    "isLinked": ""
                                },
                                "image_border_radius_tablet": {
                                    "unit": "px",
                                    "top": "420",
                                    "right": "420",
                                    "bottom": "0",
                                    "left": "0",
                                    "isLinked": ""
                                }
                            },
                            "elements": [],
                            "isInner": false,
                            "widgetType": "image",
                            "elType": "widget"
                        },
                        {
                            "id": "58968d46",
                            "settings": {
                                "title": "Sara Jhons",
                                "header_size": "h5",
                                "align": "center",
                                "_padding": {
                                    "unit": "px",
                                    "top": "06",
                                    "right": "0",
                                    "bottom": "-03",
                                    "left": "0",
                                    "isLinked": ""
                                }
                            },
                            "elements": [],
                            "isInner": false,
                            "widgetType": "heading",
                            "elType": "widget"
                        },
                        {
                            "id": "75b548b7",
                            "settings": {
                                "title": "Human resource",
                                "align": "center",
                                "__globals__": {
                                    "typography_typography": "globals\/typography?id=e3f5d9c",
                                    "title_color": "globals\/colors?id=307cef1"
                                },
                                "title_color": "#88553A"
                            },
                            "elements": [],
                            "isInner": false,
                            "widgetType": "heading",
                            "elType": "widget"
                        },
                        {
                            "id": "26a4de2a",
                            "settings": {
                                "social_icon_list": [
                                    {
                                        "social_icon": {
                                            "value": "fab fa-facebook",
                                            "library": "fa-brands"
                                        },
                                        "_id": "bfc9e73"
                                    },
                                    {
                                        "social_icon": {
                                            "value": "fab fa-instagram",
                                            "library": "fa-brands"
                                        },
                                        "_id": "19c8410"
                                    },
                                    {
                                        "social_icon": {
                                            "value": "fab fa-twitter",
                                            "library": "fa-brands"
                                        },
                                        "_id": "256cecf"
                                    }
                                ],
                                "icon_color": "custom",
                                "icon_primary_color": "#141E3900",
                                "icon_size": {
                                    "unit": "px",
                                    "size": "18",
                                    "sizes": []
                                },
                                "icon_padding": {
                                    "unit": "em",
                                    "size": "0.43",
                                    "sizes": []
                                },
                                "_margin": {
                                    "unit": "px",
                                    "top": "-06",
                                    "right": "0",
                                    "bottom": "0",
                                    "left": "0",
                                    "isLinked": ""
                                },
                                "__globals__": {
                                    "icon_primary_color": "",
                                    "icon_secondary_color": "globals\/colors?id=secondary"
                                }
                            },
                            "elements": [],
                            "isInner": false,
                            "widgetType": "social-icons",
                            "elType": "widget"
                        }
                    ],
                    "isInner": "",
                    "elType": "column"
                }
            ],
            "isInner": "",
            "elType": "section"
        },
        {
            "id": "6dc4cbf2",
            "settings": {
                "gap": "wide",
                "structure": "20",
                "background_background": "classic",
                "__globals__": {
                    "background_color": "globals\/colors?id=71786a0"
                },
                "padding": {
                    "unit": "px",
                    "top": "100",
                    "right": "0",
                    "bottom": "80",
                    "left": "0",
                    "isLinked": ""
                },
                "overflow": "hidden",
                "padding_tablet": {
                    "unit": "px",
                    "top": "60",
                    "right": "0",
                    "bottom": "60",
                    "left": "0",
                    "isLinked": ""
                },
                "padding_mobile": {
                    "unit": "px",
                    "top": "50",
                    "right": "0",
                    "bottom": "40",
                    "left": "0",
                    "isLinked": ""
                }
            },
            "elements": [
                {
                    "id": "7e03de52",
                    "settings": {
                        "_column_size": "50",
                        "_inline_size": "41.666666666667",
                        "_inline_size_tablet": "100"
                    },
                    "elements": [
                        {
                            "id": "338383c0",
                            "settings": {
                                "image": {
                                    "url": "https:\/\/energeticthemes.com\/wp-templates\/jewear\/wp-content\/uploads\/sites\/16\/2021\/02\/17-1.png",
                                    "id": "629"
                                },
                                "_position": "absolute",
                                "_offset_x": {
                                    "unit": "%",
                                    "size": "-27",
                                    "sizes": []
                                },
                                "_offset_y": {
                                    "unit": "%",
                                    "size": "24",
                                    "sizes": []
                                },
                                "_offset_x_mobile": {
                                    "size": "-73.312",
                                    "unit": "px"
                                },
                                "_offset_y_mobile": {
                                    "size": "194.594",
                                    "unit": "px"
                                },
                                "hide_mobile": "hidden-phone"
                            },
                            "elements": [],
                            "isInner": false,
                            "widgetType": "image",
                            "elType": "widget"
                        },
                        {
                            "id": "53c0ce9a",
                            "settings": {
                                "image": {
                                    "url": "https:\/\/energeticthemes.com\/wp-templates\/jewear\/wp-content\/uploads\/sites\/16\/2021\/02\/asian-woman-at-her-creative-office-work-station-64DQXM2.jpg",
                                    "id": "699"
                                },
                                "width": {
                                    "unit": "%",
                                    "size": "100",
                                    "sizes": []
                                },
                                "space": {
                                    "unit": "%",
                                    "size": "100",
                                    "sizes": []
                                },
                                "height": {
                                    "unit": "px",
                                    "size": "600",
                                    "sizes": []
                                },
                                "object-fit": "cover",
                                "_z_index": "2",
                                "image_border_color": "#02010100",
                                "image_border_radius": {
                                    "unit": "px",
                                    "top": "260",
                                    "right": "260",
                                    "bottom": "0",
                                    "left": "0",
                                    "isLinked": ""
                                },
                                "height_tablet": {
                                    "unit": "px",
                                    "size": "700",
                                    "sizes": []
                                },
                                "image_border_radius_tablet": {
                                    "unit": "px",
                                    "top": "450",
                                    "right": "450",
                                    "bottom": "0",
                                    "left": "0",
                                    "isLinked": ""
                                },
                                "width_mobile": {
                                    "unit": "%",
                                    "size": "100",
                                    "sizes": []
                                },
                                "space_mobile": {
                                    "unit": "%",
                                    "size": "100",
                                    "sizes": []
                                },
                                "height_mobile": {
                                    "unit": "px",
                                    "size": "420",
                                    "sizes": []
                                }
                            },
                            "elements": [],
                            "isInner": false,
                            "widgetType": "image",
                            "elType": "widget"
                        },
                        {
                            "id": "3afe0298",
                            "settings": {
                                "image": {
                                    "url": "https:\/\/energeticthemes.com\/wp-templates\/jewear\/wp-content\/uploads\/sites\/16\/2021\/02\/6.png",
                                    "id": "198"
                                },
                                "opacity": {
                                    "unit": "px",
                                    "size": "0.3",
                                    "sizes": []
                                },
                                "_z_index": "0",
                                "_position": "absolute",
                                "_offset_x": {
                                    "size": "-22",
                                    "unit": "%"
                                },
                                "_offset_y": {
                                    "size": "15",
                                    "unit": "%"
                                },
                                "hide_mobile": "hidden-phone"
                            },
                            "elements": [],
                            "isInner": false,
                            "widgetType": "image",
                            "elType": "widget"
                        }
                    ],
                    "isInner": "",
                    "elType": "column"
                },
                {
                    "id": "5ee69312",
                    "settings": {
                        "_column_size": "50",
                        "_inline_size": "58.333",
                        "content_position": "center",
                        "margin": {
                            "unit": "px",
                            "top": "0",
                            "right": "130",
                            "bottom": "0",
                            "left": "50",
                            "isLinked": ""
                        },
                        "_inline_size_tablet": "100",
                        "margin_tablet": {
                            "unit": "px",
                            "top": "-20",
                            "right": "0",
                            "bottom": "0",
                            "left": "0",
                            "isLinked": ""
                        },
                        "margin_mobile": {
                            "unit": "px",
                            "top": "-30",
                            "right": "0",
                            "bottom": "0",
                            "left": "0",
                            "isLinked": ""
                        }
                    },
                    "elements": [
                        {
                            "id": "7ada1664",
                            "settings": {
                                "title": "start",
                                "header_size": "h5",
                                "__globals__": {
                                    "title_color": "globals\/colors?id=307cef1",
                                    "typography_typography": ""
                                },
                                "title_color": "#88553A",
                                "typography_typography": "custom",
                                "typography_font_family": "Playfair Display",
                                "typography_font_size": {
                                    "unit": "px",
                                    "size": "16",
                                    "sizes": []
                                },
                                "typography_font_weight": "bold",
                                "typography_text_transform": "uppercase",
                                "typography_line_height": {
                                    "unit": "em",
                                    "size": "1.25",
                                    "sizes": []
                                },
                                "typography_letter_spacing": {
                                    "unit": "px",
                                    "size": "2.2",
                                    "sizes": []
                                }
                            },
                            "elements": [],
                            "isInner": false,
                            "widgetType": "heading",
                            "elType": "widget"
                        },
                        {
                            "id": "3fc05c2",
                            "settings": {
                                "title": "Working with us",
                                "_margin": {
                                    "unit": "px",
                                    "top": "-7",
                                    "right": "0",
                                    "bottom": "03",
                                    "left": "0",
                                    "isLinked": ""
                                },
                                "_z_index": "2"
                            },
                            "elements": [],
                            "isInner": false,
                            "widgetType": "heading",
                            "elType": "widget"
                        },
                        {
                            "id": "5283228a",
                            "settings": {
                                "editor": "<p>Quisque accumsan facilisiseleifend. Integer ultricies leo eros, non molestie lorem posuere eget. Fusce eget iaculis lorem. Phasellus ante metus, sodales pulvinar lectus in, pellentesque congue tortor<\/p>",
                                "_z_index": "2"
                            },
                            "elements": [],
                            "isInner": false,
                            "widgetType": "text-editor",
                            "elType": "widget"
                        },
                        {
                            "id": "e342b40",
                            "settings": {
                                "text": "Contact us"
                            },
                            "elements": [],
                            "isInner": false,
                            "widgetType": "button",
                            "elType": "widget"
                        },
                        {
                            "id": "77afbf27",
                            "settings": {
                                "image": {
                                    "url": "https:\/\/energeticthemes.com\/wp-templates\/jewear\/wp-content\/uploads\/sites\/16\/2021\/02\/15.png",
                                    "id": "207"
                                },
                                "width": {
                                    "unit": "px",
                                    "size": "126",
                                    "sizes": []
                                },
                                "space": {
                                    "unit": "px",
                                    "size": "126",
                                    "sizes": []
                                },
                                "height": {
                                    "unit": "px",
                                    "size": "88",
                                    "sizes": []
                                },
                                "opacity": {
                                    "unit": "px",
                                    "size": "0.3",
                                    "sizes": []
                                },
                                "_position": "absolute",
                                "_offset_x": {
                                    "size": "-42",
                                    "unit": "%"
                                },
                                "_offset_y": {
                                    "size": "33",
                                    "unit": "%"
                                },
                                "_offset_x_tablet": {
                                    "unit": "px",
                                    "size": "-286",
                                    "sizes": []
                                },
                                "_offset_y_tablet": {
                                    "unit": "px",
                                    "size": "4",
                                    "sizes": []
                                }
                            },
                            "elements": [],
                            "isInner": false,
                            "widgetType": "image",
                            "elType": "widget"
                        }
                    ],
                    "isInner": "",
                    "elType": "column"
                }
            ],
            "isInner": "",
            "elType": "section"
        }
    ],
    "page_settings": {
        "hide_title": "yes",
        "template": "elementor_header_footer"
    }
}